sme_id,business_name,sector,sic_code,size_band,legal_form,region,incorporation_date,age_years,annual_turnover_gbp,estimated_headcount,gross_margin,revenue_trend_annual,vat_registered,vat_stagger_group,account_open_date,currency,deteriorating_flag,ever_breached_overdraft
SME0001,Vantage Retail,Retail,47,Micro,Sole Trader,North West,2020-09-14,4.3,154514.89,1,0.32,0.116,True,1,2020-12-03,GBP,False,False
SME0002,Beacon Contractors,Construction,41,Micro,Sole Trader,London,2018-08-09,6.4,349537.97,3,0.45,0.118,True,3,2018-08-13,GBP,True,True
SME0003,Kestrel Consulting Ltd,Professional Services,69,Small,Private Limited Company,London,2014-08-10,10.4,1036997.68,13,0.92,-0.149,True,3,2014-10-28,GBP,False,False
SME0004,Clearwater Trading Ltd,Retail,47,Small,Private Limited Company,London,2016-09-15,8.3,1497654.43,10,0.32,0.123,True,1,2017-01-08,GBP,False,False
SME0005,Kingsway Distribution Ltd,Wholesale,46,Micro,Private Limited Company,London,2014-09-16,10.3,162547.66,1,0.25,0.091,True,1,2014-12-11,GBP,False,False
SME0006,Kestrel Stores Ltd,Retail,47,Micro,Private Limited Company,London,2022-07-03,2.5,630545.14,4,0.32,-0.1,True,2,2022-07-21,GBP,False,True
SME0007,Thornbury Haulage Ltd,Transport & Logistics,49,Small,Private Limited Company,South East,2020-05-28,4.6,790526.75,8,0.56,0.01,True,1,2020-06-10,GBP,False,False
SME0008,Crown Stores Ltd,Retail,47,Small,Private Limited Company,North East,2021-10-20,3.2,2838539.08,18,0.32,0.084,True,1,2021-12-22,GBP,False,False
SME0009,Oakfield Taverns,Hospitality,56,Small,Sole Trader,South West,2010-01-04,15.0,2067049.14,27,0.7,-0.141,True,3,2010-01-25,GBP,False,True
SME0010,Cobalt Partners Ltd,Professional Services,69,Micro,Private Limited Company,South East,2015-10-23,9.2,224551.53,3,0.92,0.023,True,3,2015-10-26,GBP,False,False
SME0011,Pinnacle Kitchen,Hospitality,56,Micro,Sole Trader,Wales,2021-04-21,3.7,186748.38,2,0.7,0.064,True,3,2021-08-14,GBP,False,False
SME0012,Beacon Care Ltd,Health & Care,86,Small,Private Limited Company,West Midlands,2020-10-20,4.2,651701.26,13,0.85,0.187,True,1,2020-11-21,GBP,False,False
SME0013,Crown Outlets Ltd,Retail,47,Small,Private Limited Company,London,2016-11-27,8.1,2707303.26,17,0.32,0.011,True,1,2016-12-03,GBP,False,False
SME0014,Bramble Outlets Ltd,Retail,47,Micro,Private Limited Company,West Midlands,2021-07-03,3.5,280390.72,2,0.32,0.067,True,1,2021-09-23,GBP,False,False
SME0015,Vantage Trading Ltd,Retail,47,Micro,Private Limited Company,Scotland,2019-10-21,5.2,30431.54,1,0.32,0.071,False,2,2019-12-04,GBP,False,False
SME0016,Northgate Logistics Ltd,Transport & Logistics,49,Micro,Private Limited Company,West Midlands,2016-11-27,8.1,778726.37,8,0.56,-0.012,True,3,2017-02-06,GBP,False,False
SME0017,Clearwater Logistics & Co,Transport & Logistics,49,Micro,Partnership,North West,2015-11-28,9.1,653688.92,7,0.56,-0.112,True,2,2015-12-18,GBP,False,True
SME0018,Marlow Haulage Ltd,Transport & Logistics,49,Micro,Private Limited Company,London,2014-09-16,10.3,276726.35,3,0.56,0.144,True,2,2014-12-20,GBP,False,False
SME0019,Cobalt Groundworks Ltd,Construction,41,Small,Private Limited Company,Wales,2014-09-16,10.3,1734693.27,14,0.45,0.216,True,1,2014-12-01,GBP,False,False
SME0020,Oakfield Contractors Ltd,Construction,41,Micro,Private Limited Company,Scotland,2018-09-15,6.3,258209.17,2,0.45,0.094,True,1,2018-11-28,GBP,False,False
SME0021,Harbour Outlets,Retail,47,Medium,Sole Trader,London,2014-10-23,10.2,9193965.35,59,0.32,-0.152,True,3,2015-02-11,GBP,False,True
SME0022,Riverside Supplies,Wholesale,46,Small,Sole Trader,London,2021-10-20,3.2,471502.67,2,0.25,0.143,True,2,2021-10-20,GBP,False,False
SME0023,Fairlead Farms,Agriculture,01,Micro,Sole Trader,East Midlands,2017-04-22,7.7,268586.52,2,0.52,-0.018,True,2,2017-05-09,GBP,False,True
SME0024,Ashcroft Hospitality Ltd,Hospitality,56,Micro,Private Limited Company,East Midlands,2021-09-14,3.3,265622.51,3,0.7,-0.26,True,1,2021-10-01,GBP,False,True
SME0025,Kestrel Associates,Professional Services,69,Micro,Sole Trader,South West,2010-09-17,14.3,248082.22,3,0.92,0.111,True,1,2010-12-26,GBP,False,False
SME0026,Riverside Catering Ltd,Hospitality,56,Small,Private Limited Company,North East,2011-03-18,13.8,466231.24,6,0.7,-0.071,True,1,2011-05-10,GBP,False,False
SME0027,Riverside Partners Ltd,Professional Services,69,Micro,Private Limited Company,North East,2022-01-01,3.0,714201.52,9,0.92,0.217,True,1,2022-04-01,GBP,False,False
SME0028,Harbour Catering Ltd,Hospitality,56,Micro,Private Limited Company,East Midlands,2021-07-03,3.5,34644.8,1,0.7,-0.086,False,1,2021-09-14,GBP,False,False
SME0029,Marlow Software LLP,IT & Software,62,Micro,Limited Liability Partnership,East Midlands,2022-08-08,2.4,96502.01,1,0.88,-0.042,True,2,2022-08-29,GBP,False,False
SME0030,Clearwater Outlets,Retail,47,Micro,Sole Trader,East Midlands,2011-05-30,13.6,70227.41,1,0.32,-0.005,False,2,2011-07-24,GBP,False,False
SME0031,Whitfield Farms,Agriculture,01,Micro,Sole Trader,North West,2023-04-21,1.7,152494.56,1,0.52,-0.029,True,1,2023-06-09,GBP,False,True
SME0032,Summit Contractors Ltd,Construction,41,Micro,Private Limited Company,Yorkshire,2016-11-27,8.1,71888.86,1,0.45,-0.15,False,1,2016-12-25,GBP,False,True
SME0033,Halcyon Hospitality Ltd,Hospitality,56,Small,Private Limited Company,Scotland,2023-09-14,1.3,1083846.56,14,0.7,-0.01,True,3,2023-12-09,GBP,False,False
SME0034,Ironbridge Consulting LLP,Professional Services,69,Micro,Limited Liability Partnership,West Midlands,2008-11-29,16.1,184006.25,2,0.92,0.112,True,3,2009-01-21,GBP,True,False
SME0035,Meridian Kitchen Ltd,Hospitality,56,Medium,Private Limited Company,North West,2017-09-15,7.3,17526533.95,231,0.7,-0.154,True,1,2017-11-21,GBP,False,False
SME0036,Kestrel Care Ltd,Health & Care,86,Micro,Private Limited Company,London,2020-07-03,4.5,148540.7,3,0.85,-0.004,True,3,2020-07-09,GBP,False,False
SME0037,Beacon Builders,Construction,41,Micro,Sole Trader,South East,2019-10-21,5.2,319283.96,2,0.45,0.028,True,1,2019-12-18,GBP,False,True
SME0038,Northgate Partners Ltd,Professional Services,69,Small,Private Limited Company,South West,2022-05-27,2.6,2686385.09,34,0.92,0.093,True,1,2022-06-06,GBP,False,False
SME0039,Pinnacle Partners,Professional Services,69,Small,Sole Trader,London,2007-10-24,17.2,3048883.28,39,0.92,-0.022,True,2,2008-01-04,GBP,False,False
SME0040,Harbour Hospitality Ltd,Hospitality,56,Micro,Private Limited Company,London,2023-07-03,1.5,271048.06,4,0.7,-0.048,True,2,2023-07-17,GBP,False,False
SME0041,Meridian Associates Ltd,Professional Services,69,Medium,Private Limited Company,London,2014-05-29,10.6,36153241.54,462,0.92,0.065,True,1,2014-06-04,GBP,False,False
SME0042,Fairlead Kitchen Ltd,Hospitality,56,Small,Private Limited Company,South West,2011-10-23,13.2,1989380.29,26,0.7,0.011,True,3,2011-10-27,GBP,False,False
SME0043,Sterling Supplies & Co,Wholesale,46,Micro,Partnership,South East,2022-05-27,2.6,618554.68,2,0.25,-0.231,True,1,2022-08-22,GBP,False,True
SME0044,Northgate Supplies & Co,Wholesale,46,Micro,Partnership,South West,2019-04-22,5.7,784461.9,3,0.25,0.081,True,1,2019-06-30,GBP,False,False
SME0045,Ashcroft Distribution & Co,Wholesale,46,Micro,Partnership,South East,2019-02-08,5.9,70892.03,1,0.25,-0.067,False,1,2019-03-11,GBP,False,False
SME0046,Vantage Taverns,Hospitality,56,Micro,Sole Trader,Scotland,2014-01-03,11.0,248545.42,3,0.7,-0.134,True,1,2014-02-23,GBP,False,True
SME0047,Ironbridge Digital,IT & Software,62,Small,Sole Trader,South East,2017-02-08,7.9,451813.03,5,0.88,0.009,True,1,2017-02-20,GBP,False,False
SME0048,Meridian Software Ltd,IT & Software,62,Small,Private Limited Company,West Midlands,2023-08-09,1.4,4261565.73,43,0.88,-0.091,True,3,2023-10-02,GBP,False,False
SME0049,Ashcroft Partners Ltd,Professional Services,69,Medium,Private Limited Company,West Midlands,2019-04-22,5.7,4391912.6,56,0.92,0.151,True,1,2019-06-09,GBP,False,False
SME0050,Beacon Trading Ltd,Retail,47,Medium,Private Limited Company,London,2020-09-14,4.3,26641361.05,172,0.32,0.03,True,2,2020-10-18,GBP,False,False
SME0051,Fairlead Retail,Retail,47,Micro,Sole Trader,South West,2022-02-07,2.9,333587.31,2,0.32,0.185,True,2,2022-03-20,GBP,False,False
SME0052,Sterling Growers,Agriculture,01,Micro,Sole Trader,South East,2007-11-30,17.1,638165.52,5,0.52,0.015,True,3,2008-01-08,GBP,False,False
SME0053,Meridian Works,Manufacturing,25,Small,Sole Trader,London,2010-09-17,14.3,570284.45,4,0.52,-0.202,True,3,2010-10-03,GBP,False,True
SME0054,Crown Catering Ltd,Hospitality,56,Small,Private Limited Company,Northern Ireland,2020-09-14,4.3,1735322.96,23,0.7,-0.044,True,2,2020-12-24,GBP,False,False
SME0055,Meridian Haulage,Transport & Logistics,49,Medium,Sole Trader,Northern Ireland,2019-09-15,5.3,4115587.12,41,0.56,0.372,True,2,2019-10-15,GBP,False,False
SME0056,Bramble Taverns,Hospitality,56,Small,Sole Trader,London,2022-04-21,2.7,1273568.33,17,0.7,-0.193,True,1,2022-08-04,GBP,False,True
SME0057,Whitfield Systems Ltd,IT & Software,62,Small,Private Limited Company,North East,2020-01-02,5.0,2459344.63,25,0.88,0.031,True,1,2020-03-03,GBP,False,False
SME0058,Vantage Outlets Ltd,Retail,47,Small,Private Limited Company,North West,2021-08-08,3.4,519294.13,3,0.32,0.148,True,2,2021-09-09,GBP,False,False
SME0059,Beacon Trading Ltd,Retail,47,Micro,Private Limited Company,North West,2019-11-27,5.1,182627.04,1,0.32,0.016,True,2,2020-03-04,GBP,True,True
SME0060,Redwood Partners Ltd,Professional Services,69,Micro,Private Limited Company,South East,2015-08-10,9.4,212066.41,3,0.92,-0.024,True,3,2015-11-20,GBP,False,False
SME0061,Clearwater Trading,Retail,47,Micro,Sole Trader,South East,2022-01-01,3.0,67508.18,1,0.32,0.374,False,3,2022-02-28,GBP,False,False
SME0062,Cobalt Catering Ltd,Hospitality,56,Micro,Private Limited Company,West Midlands,2015-11-28,9.1,114904.26,2,0.7,-0.163,True,2,2015-12-09,GBP,False,True
SME0063,Riverside Retail Ltd,Retail,47,Small,Private Limited Company,London,2020-09-14,4.3,532842.78,3,0.32,0.016,True,1,2020-10-26,GBP,False,False
SME0064,Summit Industries,Manufacturing,25,Micro,Sole Trader,North West,2017-01-02,8.0,553720.64,4,0.52,-0.096,True,1,2017-04-21,GBP,False,True
SME0065,Marlow Builders Ltd,Construction,41,Small,Private Limited Company,South West,2009-10-23,15.2,2393507.93,19,0.45,-0.11,True,3,2010-02-11,GBP,False,False
SME0066,Kingsway Works Ltd,Manufacturing,25,Small,Private Limited Company,South West,2008-04-24,16.7,1439645.41,11,0.52,0.17,True,2,2008-06-26,GBP,False,False
SME0067,Ashcroft Builders Ltd,Construction,41,Medium,Private Limited Company,London,2009-04-24,15.7,6512928.26,51,0.45,-0.001,True,1,2009-04-24,GBP,False,False
SME0068,Vantage Associates & Co,Professional Services,69,Micro,Partnership,Wales,2022-05-27,2.6,127547.99,2,0.92,0.037,True,3,2022-08-11,GBP,False,False
SME0069,Clearwater Systems Ltd,IT & Software,62,Micro,Private Limited Company,Scotland,2017-03-16,7.8,180067.39,2,0.88,0.197,True,3,2017-03-20,GBP,False,False
SME0070,Crown Transport,Transport & Logistics,49,Micro,Sole Trader,Northern Ireland,2015-09-16,9.3,298386.88,3,0.56,0.0,True,1,2015-10-30,GBP,False,True
SME0071,Whitfield Software Ltd,IT & Software,62,Micro,Private Limited Company,North East,2020-04-21,4.7,297854.31,3,0.88,-0.027,True,1,2020-05-28,GBP,False,False
SME0072,Kingsway Software,IT & Software,62,Medium,Sole Trader,Wales,2017-04-22,7.7,9827783.97,99,0.88,0.055,True,3,2017-06-15,GBP,False,False
SME0073,Oakfield Groundworks Ltd,Construction,41,Medium,Private Limited Company,London,2016-01-03,9.0,13916119.04,109,0.45,0.111,True,2,2016-01-10,GBP,False,False
SME0074,Summit Clinics LLP,Health & Care,86,Small,Limited Liability Partnership,Wales,2021-09-14,3.3,4276365.87,89,0.85,0.169,True,1,2021-11-03,GBP,False,False
SME0075,Riverside Transport Ltd,Transport & Logistics,49,Micro,Private Limited Company,West Midlands,2019-03-16,5.8,250683.6,3,0.56,-0.384,True,3,2019-05-26,GBP,False,True
SME0076,Fairlead Outlets,Retail,47,Small,Sole Trader,North West,2019-05-29,5.6,4617944.92,30,0.32,0.043,True,2,2019-08-21,GBP,False,False
SME0077,Meridian Distribution Ltd,Wholesale,46,Micro,Private Limited Company,East Midlands,2019-08-09,5.4,38314.12,1,0.25,0.323,False,2,2019-10-11,GBP,False,False
SME0078,Meridian Kitchen Ltd,Hospitality,56,Micro,Private Limited Company,Yorkshire,2022-04-21,2.7,160774.66,2,0.7,-0.131,True,1,2022-05-31,GBP,True,True
SME0079,Whitfield Hospitality Ltd,Hospitality,56,Micro,Private Limited Company,South East,2023-05-27,1.6,46692.94,1,0.7,-0.07,False,2,2023-08-08,GBP,False,False
SME0080,Summit Partners Ltd,Professional Services,69,Micro,Private Limited Company,West Midlands,2006-01-05,19.0,87344.12,1,0.92,0.135,False,2,2006-01-24,GBP,False,False
SME0081,Meridian Catering Ltd,Hospitality,56,Micro,Private Limited Company,London,2020-04-21,4.7,135427.32,2,0.7,-0.058,True,3,2020-08-08,GBP,False,False
SME0082,Ironbridge Construction Ltd,Construction,41,Micro,Private Limited Company,North West,2019-01-02,6.0,271194.33,2,0.45,-0.147,True,1,2019-01-27,GBP,False,True
SME0083,Fairlead Construction Ltd,Construction,41,Micro,Private Limited Company,East of England,2022-11-26,2.1,73933.82,1,0.45,-0.072,False,1,2022-12-25,GBP,False,True
SME0084,Bramble Catering LLP,Hospitality,56,Small,Limited Liability Partnership,North West,2019-11-27,5.1,1853979.41,24,0.7,0.041,True,2,2020-02-10,GBP,False,False
SME0085,Sterling Technologies Ltd,IT & Software,62,Small,Private Limited Company,London,2022-08-08,2.4,3416339.52,35,0.88,0.05,True,1,2022-09-29,GBP,False,False
SME0086,Meridian Retail Ltd,Retail,47,Micro,Private Limited Company,West Midlands,2019-08-09,5.4,505542.34,3,0.32,-0.041,True,1,2019-11-12,GBP,False,False
SME0087,Kingsway Advisory Ltd,Professional Services,69,Medium,Private Limited Company,East of England,2017-09-15,7.3,10014304.79,128,0.92,0.017,True,1,2017-10-25,GBP,False,False
SME0088,Kestrel Stores LLP,Retail,47,Micro,Limited Liability Partnership,London,2014-07-05,10.5,188598.97,1,0.32,-0.19,True,2,2014-09-08,GBP,True,True
SME0089,Thornbury Wholesale,Wholesale,46,Small,Sole Trader,West Midlands,2020-08-08,4.4,6470402.69,23,0.25,0.173,True,3,2020-08-24,GBP,False,False
SME0090,Fairlead Retail Ltd,Retail,47,Medium,Private Limited Company,London,2020-10-20,4.2,5104615.25,33,0.32,0.035,True,1,2020-12-08,GBP,False,False
SME0091,Ironbridge Stores,Retail,47,Micro,Sole Trader,South West,2021-07-03,3.5,347523.25,2,0.32,0.074,True,2,2021-08-07,GBP,False,False
SME0092,Kingsway Stores,Retail,47,Small,Sole Trader,Yorkshire,2022-03-16,2.8,654359.96,4,0.32,-0.14,True,2,2022-06-25,GBP,False,True
SME0093,Pinnacle Associates Ltd,Professional Services,69,Micro,Private Limited Company,North West,2018-07-04,6.5,385523.52,5,0.92,-0.108,True,2,2018-07-25,GBP,False,False
SME0094,Fairlead Associates & Co,Professional Services,69,Micro,Partnership,London,2016-11-27,8.1,203589.9,3,0.92,-0.027,True,1,2016-12-15,GBP,False,False
SME0095,Kestrel Catering & Co,Hospitality,56,Small,Partnership,Northern Ireland,2019-11-27,5.1,2157330.31,28,0.7,0.138,True,1,2020-01-18,GBP,False,False
SME0096,Riverside Advisory,Professional Services,69,Micro,Sole Trader,East of England,2021-10-20,3.2,637687.83,8,0.92,0.032,True,2,2021-11-01,GBP,False,False
SME0097,Harbour Taverns Ltd,Hospitality,56,Micro,Private Limited Company,East Midlands,2013-05-29,11.6,184771.94,2,0.7,-0.166,True,2,2013-09-13,GBP,False,False
SME0098,Halcyon Wholesale & Co,Wholesale,46,Small,Partnership,West Midlands,2007-09-18,17.3,2609548.6,9,0.25,-0.198,True,2,2007-10-27,GBP,True,True
SME0099,Northgate Fabrications Ltd,Manufacturing,25,Micro,Private Limited Company,South East,2016-10-22,8.2,65325.66,1,0.52,-0.121,False,2,2017-02-09,GBP,False,False
SME0100,Sterling Digital Ltd,IT & Software,62,Small,Private Limited Company,East of England,2020-02-08,4.9,3280296.74,33,0.88,-0.123,True,1,2020-04-13,GBP,False,False
SME0101,Whitfield Transport Ltd,Transport & Logistics,49,Small,Private Limited Company,Scotland,2022-05-27,2.6,1445500.7,15,0.56,-0.082,True,2,2022-06-14,GBP,False,False
SME0102,Meridian Kitchen,Hospitality,56,Micro,Sole Trader,West Midlands,2014-04-23,10.7,97064.99,1,0.7,-0.01,True,3,2014-05-25,GBP,False,False
SME0103,Bramble Groundworks Ltd,Construction,41,Micro,Private Limited Company,London,2022-10-20,2.2,751482.11,6,0.45,-0.235,True,1,2023-01-25,GBP,False,True
SME0104,Whitfield Groundworks,Construction,41,Micro,Sole Trader,Wales,2013-11-28,11.1,249688.5,2,0.45,0.085,True,2,2014-02-24,GBP,True,True
SME0105,Summit Retail,Retail,47,Micro,Sole Trader,South West,2008-01-05,17.0,81033.02,1,0.32,0.029,False,1,2008-02-24,GBP,False,False
SME0106,Beacon Digital Ltd,IT & Software,62,Micro,Private Limited Company,Northern Ireland,2015-09-16,9.3,144721.91,1,0.88,0.046,True,1,2015-10-30,GBP,False,False
SME0107,Sterling Hospitality Ltd,Hospitality,56,Medium,Private Limited Company,London,2012-09-16,12.3,4166065.56,55,0.7,0.081,True,1,2012-12-10,GBP,False,False
SME0108,Pinnacle Fabrications LLP,Manufacturing,25,Micro,Limited Liability Partnership,South East,2022-11-26,2.1,162166.69,1,0.52,-0.007,True,1,2023-03-23,GBP,False,False
SME0109,Harbour Growers Ltd,Agriculture,01,Medium,Private Limited Company,West Midlands,2016-10-22,8.2,6376567.51,54,0.52,0.118,True,3,2016-11-28,GBP,False,False
SME0110,Cobalt Health Ltd,Health & Care,86,Small,Private Limited Company,Scotland,2018-01-02,7.0,799627.86,17,0.85,0.099,True,1,2018-01-07,GBP,False,False
SME0111,Cobalt Kitchen Ltd,Hospitality,56,Micro,Private Limited Company,South West,2017-01-02,8.0,141460.52,2,0.7,0.044,True,2,2017-01-19,GBP,False,False
SME0112,Bramble Outlets,Retail,47,Small,Sole Trader,London,2014-02-09,10.9,714991.6,5,0.32,0.048,True,3,2014-03-12,GBP,False,False
SME0113,Halcyon Retail Ltd,Retail,47,Medium,Private Limited Company,Scotland,2016-01-03,9.0,15728198.24,101,0.32,0.424,True,1,2016-02-26,GBP,False,False
SME0114,Cobalt Kitchen Ltd,Hospitality,56,Small,Private Limited Company,Wales,2018-10-21,6.2,385556.96,5,0.7,-0.036,True,2,2018-12-16,GBP,False,False
SME0115,Pinnacle Groundworks Ltd,Construction,41,Micro,Private Limited Company,North West,2016-01-03,9.0,224587.87,2,0.45,-0.011,True,3,2016-03-26,GBP,True,True
SME0116,Kingsway Supplies,Wholesale,46,Small,Sole Trader,East Midlands,2021-08-08,3.4,1585333.56,6,0.25,0.063,True,2,2021-10-05,GBP,False,False
SME0117,Sterling Outlets & Co,Retail,47,Micro,Partnership,Yorkshire,2014-02-09,10.9,73532.84,1,0.32,-0.057,False,3,2014-06-02,GBP,True,True
SME0118,Cobalt Systems Ltd,IT & Software,62,Medium,Private Limited Company,South West,2016-09-15,8.3,8698778.2,88,0.88,0.115,True,2,2017-01-07,GBP,False,False
SME0119,Thornbury Retail Ltd,Retail,47,Small,Private Limited Company,East Midlands,2013-01-03,12.0,1498653.48,10,0.32,0.094,True,2,2013-01-11,GBP,False,False
SME0120,Bramble Stores Ltd,Retail,47,Micro,Private Limited Company,Scotland,2020-07-03,4.5,26260.0,1,0.32,-0.039,False,3,2020-09-09,GBP,False,False
SME0121,Redwood Groundworks Ltd,Construction,41,Micro,Private Limited Company,South West,2018-11-27,6.1,494528.81,4,0.45,0.102,True,2,2019-03-08,GBP,False,True
SME0122,Beacon Stores Ltd,Retail,47,Small,Private Limited Company,East Midlands,2023-10-20,1.2,1280303.67,8,0.32,0.144,True,3,2023-12-05,GBP,False,False
SME0123,Riverside Catering LLP,Hospitality,56,Micro,Limited Liability Partnership,Yorkshire,2020-03-15,4.8,99019.47,1,0.7,0.384,True,1,2020-07-04,GBP,False,False
SME0124,Redwood Works,Manufacturing,25,Small,Sole Trader,North West,2020-10-20,4.2,452785.38,4,0.52,-0.056,True,3,2020-12-04,GBP,False,False
SME0125,Cobalt Contractors Ltd,Construction,41,Small,Private Limited Company,Yorkshire,2017-09-15,7.3,3167613.5,25,0.45,-0.091,True,3,2017-12-05,GBP,True,True
SME0126,Fairlead Partners Ltd,Professional Services,69,Micro,Private Limited Company,Scotland,2020-01-02,5.0,51732.68,1,0.92,-0.031,False,2,2020-02-16,GBP,False,False
SME0127,Harbour Clinics Ltd,Health & Care,86,Micro,Private Limited Company,Wales,2013-09-16,11.3,258236.4,5,0.85,0.04,True,3,2013-11-14,GBP,False,False
SME0128,Ironbridge Transport,Transport & Logistics,49,Micro,Sole Trader,East of England,2023-08-09,1.4,133116.96,1,0.56,-0.146,True,3,2023-12-06,GBP,False,True
SME0129,Bramble Haulage,Transport & Logistics,49,Medium,Sole Trader,East Midlands,2018-01-02,7.0,2339790.85,24,0.56,-0.009,True,1,2018-01-03,GBP,False,False
SME0130,Vantage Haulage Ltd,Transport & Logistics,49,Micro,Private Limited Company,South East,2004-02-12,20.9,476422.06,5,0.56,-0.277,True,2,2004-03-13,GBP,False,True
SME0131,Cobalt Outlets,Retail,47,Micro,Sole Trader,Northern Ireland,2021-01-01,4.0,230221.66,1,0.32,0.231,True,3,2021-01-15,GBP,False,False
SME0132,Fairlead Catering Ltd,Hospitality,56,Micro,Private Limited Company,East of England,2018-04-22,6.7,252145.96,3,0.7,0.176,True,2,2018-06-29,GBP,False,False
SME0133,Cobalt Industries,Manufacturing,25,Micro,Sole Trader,South West,2020-07-03,4.5,193362.29,2,0.52,0.084,True,2,2020-10-09,GBP,False,False
SME0134,Clearwater Advisory Ltd,Professional Services,69,Micro,Private Limited Company,South East,2010-05-30,14.6,339439.47,4,0.92,0.02,True,2,2010-06-28,GBP,False,False
SME0135,Thornbury Supplies,Wholesale,46,Small,Sole Trader,North East,2016-09-15,8.3,7886965.44,29,0.25,-0.195,True,2,2016-09-27,GBP,False,True
SME0136,Redwood Retail Ltd,Retail,47,Small,Private Limited Company,East Midlands,2020-05-28,4.6,930040.63,6,0.32,-0.065,True,3,2020-06-04,GBP,False,False
SME0137,Harbour Supplies,Wholesale,46,Micro,Sole Trader,South East,2022-01-01,3.0,224479.24,1,0.25,0.031,True,3,2022-01-04,GBP,False,False
SME0138,Beacon Technologies Ltd,IT & Software,62,Micro,Private Limited Company,Yorkshire,2022-03-16,2.8,1268520.19,13,0.88,0.053,True,2,2022-05-03,GBP,False,False
SME0139,Beacon Health Ltd,Health & Care,86,Micro,Private Limited Company,Scotland,2021-03-15,3.8,206645.25,4,0.85,0.231,True,1,2021-06-07,GBP,False,False
SME0140,Beacon Taverns Ltd,Hospitality,56,Micro,Private Limited Company,London,2023-08-09,1.4,552172.89,7,0.7,-0.114,True,3,2023-10-11,GBP,False,False
SME0141,Beacon Construction,Construction,41,Small,Sole Trader,Northern Ireland,2019-05-29,5.6,1874237.37,15,0.45,0.129,True,2,2019-06-29,GBP,False,False
SME0142,Beacon Supplies Ltd,Wholesale,46,Small,Private Limited Company,Wales,2007-07-07,17.5,1300803.61,5,0.25,-0.134,True,1,2007-10-17,GBP,True,True
SME0143,Meridian Catering,Hospitality,56,Micro,Sole Trader,South East,2019-08-09,5.4,147314.07,2,0.7,-0.117,True,2,2019-10-19,GBP,False,True
SME0144,Ashcroft Consulting,Professional Services,69,Micro,Sole Trader,North West,2014-10-23,10.2,783846.46,10,0.92,0.165,True,3,2014-12-24,GBP,False,False
SME0145,Marlow Partners Ltd,Professional Services,69,Micro,Private Limited Company,North West,2019-02-08,5.9,211472.96,3,0.92,-0.033,True,2,2019-03-31,GBP,True,True
SME0146,Kestrel Contractors LLP,Construction,41,Small,Limited Liability Partnership,London,2023-09-14,1.3,5642908.54,44,0.45,-0.163,True,1,2023-11-17,GBP,False,True
SME0147,Crown Outlets Ltd,Retail,47,Medium,Private Limited Company,London,2007-05-31,17.6,9202353.57,59,0.32,-0.203,True,2,2007-08-13,GBP,False,True
SME0148,Harbour Manufacturing Ltd,Manufacturing,25,Medium,Private Limited Company,Scotland,2022-03-16,2.8,6217906.32,49,0.52,-0.057,True,2,2022-04-15,GBP,False,False
SME0149,Kestrel Associates Ltd,Professional Services,69,Small,Private Limited Company,South West,2022-08-08,2.4,639874.52,8,0.92,0.244,True,3,2022-08-18,GBP,False,False
SME0150,Beacon Kitchen & Co,Hospitality,56,Small,Partnership,Scotland,2016-07-04,8.5,1875991.77,25,0.7,-0.026,True,2,2016-08-12,GBP,False,False
SME0151,Sterling Kitchen Ltd,Hospitality,56,Micro,Private Limited Company,South East,2020-05-28,4.6,140049.93,2,0.7,0.19,True,3,2020-08-21,GBP,False,False
SME0152,Cobalt Partners Ltd,Professional Services,69,Micro,Private Limited Company,North West,2014-05-29,10.6,126133.21,2,0.92,0.069,True,1,2014-08-27,GBP,False,False
SME0153,Fairlead Care Ltd,Health & Care,86,Small,Private Limited Company,London,2020-01-02,5.0,1511577.85,31,0.85,0.062,True,3,2020-01-12,GBP,False,False
SME0154,Sterling Retail,Retail,47,Micro,Sole Trader,East Midlands,2017-08-09,7.4,205477.94,1,0.32,0.034,True,1,2017-11-26,GBP,True,True
SME0155,Ashcroft Distribution Ltd,Wholesale,46,Medium,Private Limited Company,Yorkshire,2003-03-20,21.8,6464914.34,23,0.25,0.246,True,3,2003-06-02,GBP,False,False
SME0156,Summit Technologies Ltd,IT & Software,62,Micro,Private Limited Company,East of England,2002-12-01,22.1,84423.03,1,0.88,-0.017,False,1,2002-12-02,GBP,False,False
SME0157,Riverside Fabrications,Manufacturing,25,Small,Sole Trader,South West,2021-02-07,3.9,956518.99,7,0.52,0.083,True,3,2021-02-17,GBP,False,False
SME0158,Oakfield Manufacturing,Manufacturing,25,Micro,Sole Trader,South East,2018-04-22,6.7,302514.55,2,0.52,-0.087,True,2,2018-07-22,GBP,False,True
SME0159,Sterling Contractors Ltd,Construction,41,Micro,Private Limited Company,West Midlands,2020-08-08,4.4,198141.52,2,0.45,-0.032,True,1,2020-11-07,GBP,False,True
SME0160,Harbour Farms,Agriculture,01,Micro,Sole Trader,Yorkshire,2015-02-09,9.9,64346.53,1,0.52,-0.09,False,1,2015-03-28,GBP,False,True
SME0161,Redwood Farms Ltd,Agriculture,01,Medium,Private Limited Company,North West,2021-03-15,3.8,24235493.83,203,0.52,-0.08,True,2,2021-06-08,GBP,False,False
SME0162,Meridian Advisory Ltd,Professional Services,69,Medium,Private Limited Company,West Midlands,2017-11-27,7.1,5592030.48,72,0.92,0.256,True,1,2018-02-07,GBP,False,False
SME0163,Summit Retail,Retail,47,Medium,Sole Trader,Scotland,2017-03-16,7.8,5950183.3,38,0.32,-0.064,True,3,2017-04-27,GBP,False,False
SME0164,Crown Hospitality,Hospitality,56,Micro,Sole Trader,North West,2017-11-27,7.1,798167.88,11,0.7,-0.097,True,1,2017-12-25,GBP,False,True
SME0165,Ironbridge Hospitality Ltd,Hospitality,56,Micro,Private Limited Company,Scotland,2021-02-07,3.9,108532.63,1,0.7,-0.136,True,2,2021-04-04,GBP,False,False
SME0166,Kestrel Advisory Ltd,Professional Services,69,Micro,Private Limited Company,Yorkshire,2020-03-15,4.8,121753.21,2,0.92,-0.169,True,1,2020-07-05,GBP,False,True
SME0167,Pinnacle Hospitality,Hospitality,56,Micro,Sole Trader,London,2013-08-10,11.4,266932.59,4,0.7,0.036,True,1,2013-09-21,GBP,False,False
SME0168,Ashcroft Associates Ltd,Professional Services,69,Micro,Private Limited Company,Wales,2019-03-16,5.8,105433.54,1,0.92,-0.152,True,3,2019-04-23,GBP,False,False
SME0169,Cobalt Traders Ltd,Wholesale,46,Micro,Private Limited Company,South East,2016-09-15,8.3,254731.59,1,0.25,-0.088,True,1,2016-11-14,GBP,False,True
SME0170,Ironbridge Technologies Ltd,IT & Software,62,Micro,Private Limited Company,South West,2017-02-08,7.9,145049.49,1,0.88,0.025,True,2,2017-03-19,GBP,True,True
SME0171,Redwood Builders Ltd,Construction,41,Small,Private Limited Company,Yorkshire,2011-09-17,13.3,963610.66,8,0.45,0.171,True,2,2011-12-03,GBP,False,False
SME0172,Whitfield Contractors LLP,Construction,41,Micro,Limited Liability Partnership,East of England,2013-11-28,11.1,425196.1,3,0.45,0.102,True,2,2014-03-20,GBP,False,False
SME0173,Ironbridge Outlets LLP,Retail,47,Small,Limited Liability Partnership,London,2020-02-08,4.9,427779.01,3,0.32,0.139,True,1,2020-05-15,GBP,False,False
SME0174,Halcyon Taverns,Hospitality,56,Micro,Sole Trader,North West,2008-09-17,16.3,372670.77,5,0.7,-0.176,True,1,2008-12-07,GBP,False,True
SME0175,Halcyon Stores Ltd,Retail,47,Small,Private Limited Company,South West,2024-01-01,1.0,1420376.86,9,0.32,-0.1,True,1,2024-03-22,GBP,True,True
SME0176,Sterling Outlets,Retail,47,Medium,Sole Trader,Wales,2017-11-27,7.1,8196914.49,53,0.32,0.293,True,1,2017-12-08,GBP,False,False
SME0177,Cobalt Groundworks Ltd,Construction,41,Small,Private Limited Company,West Midlands,2023-08-09,1.4,1212628.04,9,0.45,0.086,True,1,2023-10-15,GBP,False,False
SME0178,Whitfield Associates,Professional Services,69,Micro,Sole Trader,East Midlands,2020-03-15,4.8,231205.49,3,0.92,0.039,True,2,2020-04-30,GBP,False,False
SME0179,Beacon Taverns,Hospitality,56,Medium,Sole Trader,Northern Ireland,2020-03-15,4.8,27276024.27,359,0.7,-0.149,True,2,2020-06-27,GBP,False,True
SME0180,Sterling Retail Ltd,Retail,47,Micro,Private Limited Company,London,2015-05-29,9.6,903052.74,6,0.32,-0.088,True,2,2015-08-01,GBP,True,True
SME0181,Sterling Digital Ltd,IT & Software,62,Small,Private Limited Company,South West,2013-02-09,11.9,1172953.88,12,0.88,-0.153,True,2,2013-04-10,GBP,False,False
SME0182,Oakfield Systems,IT & Software,62,Micro,Sole Trader,London,2022-01-01,3.0,84276.14,1,0.88,0.064,False,2,2022-01-06,GBP,False,False
SME0183,Oakfield Care,Health & Care,86,Micro,Sole Trader,South West,2022-11-26,2.1,307999.33,6,0.85,0.181,True,1,2023-01-25,GBP,False,False
SME0184,Vantage Fabrications Ltd,Manufacturing,25,Micro,Private Limited Company,Scotland,2019-08-09,5.4,678719.0,5,0.52,0.079,True,1,2019-11-04,GBP,False,False
SME0185,Meridian Retail & Co,Retail,47,Micro,Partnership,East Midlands,2021-05-27,3.6,321669.16,2,0.32,0.175,True,2,2021-05-30,GBP,False,False
SME0186,Ashcroft Catering Ltd,Hospitality,56,Micro,Private Limited Company,South East,2015-01-03,10.0,362059.39,5,0.7,0.02,True,3,2015-02-01,GBP,False,False
SME0187,Sterling Advisory Ltd,Professional Services,69,Micro,Private Limited Company,South East,2020-11-26,4.1,114952.17,1,0.92,0.219,True,1,2020-12-16,GBP,False,False
SME0188,Summit Stores Ltd,Retail,47,Small,Private Limited Company,West Midlands,2015-10-23,9.2,1439231.16,9,0.32,-0.051,True,2,2015-12-12,GBP,False,False
SME0189,Ashcroft Construction LLP,Construction,41,Small,Limited Liability Partnership,North West,2018-09-15,6.3,7095851.21,55,0.45,0.202,True,2,2018-11-30,GBP,False,False
SME0190,Marlow Wholesale LLP,Wholesale,46,Medium,Limited Liability Partnership,West Midlands,2020-05-28,4.6,27661428.66,100,0.25,0.037,True,3,2020-07-22,GBP,False,False
SME0191,Fairlead Systems Ltd,IT & Software,62,Micro,Private Limited Company,London,2023-03-15,1.8,184745.42,2,0.88,-0.124,True,1,2023-04-03,GBP,False,True
SME0192,Clearwater Advisory,Professional Services,69,Micro,Sole Trader,East Midlands,2022-03-16,2.8,149724.16,2,0.92,-0.14,True,3,2022-06-21,GBP,False,True
SME0193,Kingsway Transport Ltd,Transport & Logistics,49,Micro,Private Limited Company,Yorkshire,2016-07-04,8.5,116559.92,1,0.56,0.005,True,2,2016-08-22,GBP,False,False
SME0194,Whitfield Trading,Retail,47,Small,Sole Trader,Wales,2014-04-23,10.7,3058978.81,20,0.32,0.224,True,1,2014-05-02,GBP,False,False
SME0195,Redwood Partners Ltd,Professional Services,69,Micro,Private Limited Company,Wales,2015-11-28,9.1,58033.03,1,0.92,-0.021,False,3,2015-12-02,GBP,False,False
SME0196,Oakfield Distribution Ltd,Wholesale,46,Small,Private Limited Company,South East,2017-08-09,7.4,2669941.06,10,0.25,0.021,True,2,2017-10-28,GBP,False,False
SME0197,Bramble Logistics Ltd,Transport & Logistics,49,Micro,Private Limited Company,South East,2017-03-16,7.8,50785.51,1,0.56,-0.102,False,2,2017-03-16,GBP,False,False
SME0198,Fairlead Produce & Co,Agriculture,01,Micro,Partnership,North East,2019-02-08,5.9,394323.43,3,0.52,-0.075,True,2,2019-05-08,GBP,False,True
SME0199,Bramble Supplies Ltd,Wholesale,46,Micro,Private Limited Company,Yorkshire,2019-03-16,5.8,120952.53,1,0.25,0.248,True,1,2019-05-02,GBP,True,False
SME0200,Redwood Construction Ltd,Construction,41,Medium,Private Limited Company,West Midlands,2016-03-16,8.8,12232134.84,95,0.45,-0.015,True,3,2016-05-27,GBP,False,False
SME0201,Fairlead Outlets Ltd,Retail,47,Micro,Private Limited Company,South East,2023-08-09,1.4,224710.61,1,0.32,0.031,True,2,2023-11-02,GBP,False,False
SME0202,Thornbury Kitchen,Hospitality,56,Micro,Sole Trader,South East,2022-09-14,2.3,84305.21,1,0.7,-0.027,False,2,2023-01-10,GBP,True,True
SME0203,Whitfield Partners Ltd,Professional Services,69,Small,Private Limited Company,East of England,2022-11-26,2.1,578872.94,7,0.92,-0.118,True,2,2023-03-23,GBP,False,False
SME0204,Bramble Construction Ltd,Construction,41,Micro,Private Limited Company,North West,2011-04-24,13.7,68051.89,1,0.45,-0.037,False,1,2011-05-23,GBP,False,False
SME0205,Ashcroft Contractors,Construction,41,Micro,Sole Trader,South East,2022-03-16,2.8,118830.51,1,0.45,0.079,True,2,2022-07-02,GBP,False,False
SME0206,Halcyon Hospitality Ltd,Hospitality,56,Small,Private Limited Company,North East,2019-02-08,5.9,322798.22,4,0.7,-0.072,True,2,2019-03-20,GBP,False,False
SME0207,Redwood Catering Ltd,Hospitality,56,Medium,Private Limited Company,North West,2022-03-16,2.8,4910440.53,65,0.7,-0.115,True,3,2022-07-03,GBP,False,False
SME0208,Northgate Industries Ltd,Manufacturing,25,Small,Private Limited Company,East of England,2016-11-27,8.1,621375.6,5,0.52,-0.097,True,2,2016-12-15,GBP,False,False
SME0209,Sterling Associates,Professional Services,69,Small,Sole Trader,Scotland,2016-09-15,8.3,1159569.51,15,0.92,0.193,True,1,2017-01-02,GBP,False,False
SME0210,Thornbury Technologies Ltd,IT & Software,62,Micro,Private Limited Company,Wales,2019-08-09,5.4,338107.98,3,0.88,-0.141,True,2,2019-10-09,GBP,False,False
SME0211,Redwood Partners,Professional Services,69,Small,Sole Trader,North West,2020-11-26,4.1,1305123.19,17,0.92,0.039,True,1,2021-01-17,GBP,True,True
SME0212,Sterling Stores Ltd,Retail,47,Medium,Private Limited Company,East of England,2018-02-08,6.9,6380839.36,41,0.32,-0.085,True,2,2018-06-06,GBP,False,False
SME0213,Summit Partners & Co,Professional Services,69,Small,Partnership,Yorkshire,2013-08-10,11.4,1113316.23,14,0.92,-0.085,True,2,2013-08-26,GBP,False,False
SME0214,Vantage Advisory LLP,Professional Services,69,Micro,Limited Liability Partnership,London,2020-03-15,4.8,843657.16,11,0.92,-0.309,True,1,2020-06-04,GBP,False,True
SME0215,Clearwater Outlets Ltd,Retail,47,Small,Private Limited Company,Northern Ireland,2015-03-17,9.8,1954929.48,13,0.32,0.171,True,3,2015-04-07,GBP,False,False
SME0216,Kestrel Construction Ltd,Construction,41,Small,Private Limited Company,Yorkshire,2010-10-23,14.2,1104721.41,9,0.45,0.043,True,1,2011-02-17,GBP,False,False
SME0217,Beacon Software Ltd,IT & Software,62,Micro,Private Limited Company,East of England,2016-05-28,8.6,77260.13,1,0.88,-0.002,False,3,2016-07-17,GBP,False,False
SME0218,Fairlead Kitchen Ltd,Hospitality,56,Micro,Private Limited Company,Scotland,2012-05-29,12.6,116167.3,2,0.7,-0.168,True,3,2012-09-14,GBP,False,False
SME0219,Northgate Advisory Ltd,Professional Services,69,Small,Private Limited Company,East of England,2017-07-04,7.5,305572.9,4,0.92,-0.248,True,3,2017-07-19,GBP,False,True
SME0220,Redwood Kitchen Ltd,Hospitality,56,Small,Private Limited Company,East Midlands,2016-09-15,8.3,3782930.41,50,0.7,-0.024,True,3,2016-12-22,GBP,True,True
SME0221,Vantage Retail,Retail,47,Micro,Sole Trader,London,2017-11-27,7.1,244611.45,2,0.32,0.12,True,1,2018-02-22,GBP,False,False
SME0222,Whitfield Retail,Retail,47,Small,Sole Trader,Wales,2023-05-27,1.6,3169776.72,20,0.32,0.242,True,2,2023-08-06,GBP,False,False
SME0223,Vantage Stores Ltd,Retail,47,Micro,Private Limited Company,East Midlands,2007-05-31,17.6,282242.73,2,0.32,-0.024,True,1,2007-07-26,GBP,False,False
SME0224,Beacon Care,Health & Care,86,Micro,Sole Trader,South West,2011-10-23,13.2,109381.75,2,0.85,0.093,True,1,2012-01-02,GBP,False,False
SME0225,Vantage Trading Ltd,Retail,47,Small,Private Limited Company,South East,2017-10-21,7.2,1533975.35,10,0.32,0.023,True,1,2017-12-31,GBP,False,False
SME0226,Oakfield Technologies Ltd,IT & Software,62,Small,Private Limited Company,East Midlands,2010-01-04,15.0,589555.02,6,0.88,0.111,True,1,2010-03-26,GBP,False,False
SME0227,Bramble Software,IT & Software,62,Medium,Sole Trader,Yorkshire,2022-05-27,2.6,8669894.62,88,0.88,-0.175,True,2,2022-07-05,GBP,False,True
SME0228,Ironbridge Digital,IT & Software,62,Micro,Sole Trader,London,2021-01-01,4.0,65144.57,1,0.88,0.278,False,1,2021-04-15,GBP,False,False
SME0229,Kingsway Hospitality Ltd,Hospitality,56,Micro,Private Limited Company,North East,2009-07-06,15.5,61604.45,1,0.7,0.209,False,1,2009-07-08,GBP,False,False
SME0230,Clearwater Outlets Ltd,Retail,47,Small,Private Limited Company,East Midlands,2019-02-08,5.9,1792669.79,12,0.32,0.23,True,2,2019-06-05,GBP,False,False
SME0231,Oakfield Wholesale Ltd,Wholesale,46,Micro,Private Limited Company,North West,2019-08-09,5.4,73707.82,1,0.25,0.023,False,3,2019-09-21,GBP,False,False
SME0232,Halcyon Supplies Ltd,Wholesale,46,Micro,Private Limited Company,Yorkshire,2011-01-04,14.0,212833.34,1,0.25,-0.078,True,1,2011-03-22,GBP,False,True
SME0233,Riverside Associates Ltd,Professional Services,69,Small,Private Limited Company,Scotland,2001-12-01,23.1,1162347.14,15,0.92,0.072,True,2,2002-02-20,GBP,False,False
SME0234,Pinnacle Digital Ltd,IT & Software,62,Micro,Private Limited Company,North West,2020-02-08,4.9,289343.87,3,0.88,-0.096,True,2,2020-03-19,GBP,False,False
SME0235,Vantage Produce Ltd,Agriculture,01,Small,Private Limited Company,Yorkshire,2016-01-03,9.0,729300.09,6,0.52,0.006,True,1,2016-04-24,GBP,False,False
SME0236,Thornbury Kitchen Ltd,Hospitality,56,Micro,Private Limited Company,South West,2018-02-08,6.9,175621.52,2,0.7,0.23,True,1,2018-02-22,GBP,False,False
SME0237,Thornbury Hospitality Ltd,Hospitality,56,Micro,Private Limited Company,North East,2018-10-21,6.2,320766.95,4,0.7,-0.013,True,3,2018-11-08,GBP,False,False
SME0238,Bramble Care LLP,Health & Care,86,Micro,Limited Liability Partnership,South East,2021-05-27,3.6,340516.57,7,0.85,-0.002,True,2,2021-08-19,GBP,False,False
SME0239,Redwood Agri Ltd,Agriculture,01,Micro,Private Limited Company,East of England,2017-04-22,7.7,460162.27,4,0.52,-0.311,True,2,2017-06-09,GBP,False,True
SME0240,Pinnacle Retail Ltd,Retail,47,Micro,Private Limited Company,East of England,2015-03-17,9.8,168311.63,1,0.32,-0.02,True,2,2015-03-23,GBP,False,False
SME0241,Redwood Kitchen Ltd,Hospitality,56,Small,Private Limited Company,East Midlands,2021-03-15,3.8,1069334.69,14,0.7,0.262,True,3,2021-03-20,GBP,False,False
SME0242,Vantage Retail Ltd,Retail,47,Micro,Private Limited Company,East Midlands,2021-10-20,3.2,64636.09,1,0.32,0.074,False,1,2021-12-15,GBP,False,False
SME0243,Riverside Builders,Construction,41,Micro,Sole Trader,West Midlands,2017-01-02,8.0,442313.25,3,0.45,0.05,True,3,2017-02-22,GBP,False,True
SME0244,Vantage Logistics Ltd,Transport & Logistics,49,Small,Private Limited Company,North West,2020-07-03,4.5,1370279.96,14,0.56,0.051,True,2,2020-10-30,GBP,False,False
SME0245,Northgate Care Ltd,Health & Care,86,Small,Private Limited Company,East Midlands,2017-08-09,7.4,3494752.81,72,0.85,-0.074,True,1,2017-09-06,GBP,False,False
SME0246,Redwood Groundworks Ltd,Construction,41,Micro,Private Limited Company,East of England,2020-11-26,4.1,289085.27,2,0.45,-0.094,True,3,2021-03-12,GBP,False,True
SME0247,Oakfield Catering Ltd,Hospitality,56,Micro,Private Limited Company,South East,2020-02-08,4.9,267817.88,4,0.7,-0.011,True,1,2020-02-18,GBP,True,True
SME0248,Vantage Taverns,Hospitality,56,Small,Sole Trader,London,2023-05-27,1.6,657656.1,9,0.7,0.065,True,3,2023-08-20,GBP,False,False
SME0249,Redwood Manufacturing,Manufacturing,25,Micro,Sole Trader,North East,2009-05-30,15.6,67977.72,1,0.52,-0.341,False,3,2009-07-26,GBP,False,True
SME0250,Riverside Traders LLP,Wholesale,46,Small,Limited Liability Partnership,London,2023-05-27,1.6,2322471.7,8,0.25,0.133,True,3,2023-07-10,GBP,False,False
SME0251,Marlow Digital Ltd,IT & Software,62,Micro,Private Limited Company,South East,2021-01-01,4.0,927914.54,9,0.88,0.021,True,2,2021-01-19,GBP,False,False
SME0252,Marlow Farms,Agriculture,01,Micro,Sole Trader,East Midlands,2019-10-21,5.2,149237.43,1,0.52,-0.235,True,2,2020-02-10,GBP,True,True
SME0253,Cobalt Partners Ltd,Professional Services,69,Micro,Private Limited Company,London,2014-04-23,10.7,403011.5,5,0.92,-0.073,True,3,2014-07-01,GBP,False,False
SME0254,Marlow Retail Ltd,Retail,47,Micro,Private Limited Company,East Midlands,2020-03-15,4.8,106640.7,1,0.32,0.043,True,1,2020-04-22,GBP,False,False
SME0255,Sterling Medical Ltd,Health & Care,86,Micro,Private Limited Company,East of England,2017-11-27,7.1,161361.26,3,0.85,0.006,True,3,2017-12-20,GBP,False,False
SME0256,Kingsway Digital,IT & Software,62,Small,Sole Trader,East Midlands,2015-01-03,10.0,3875033.3,39,0.88,-0.042,True,3,2015-02-09,GBP,False,False
SME0257,Pinnacle Hospitality Ltd,Hospitality,56,Micro,Private Limited Company,South West,2022-11-26,2.1,78012.1,1,0.7,0.197,False,3,2023-02-01,GBP,True,False
SME0258,Bramble Trading Ltd,Retail,47,Micro,Private Limited Company,South East,2021-07-03,3.5,171930.77,1,0.32,0.295,True,2,2021-08-21,GBP,False,False
SME0259,Bramble Wholesale Ltd,Wholesale,46,Micro,Private Limited Company,East of England,2020-09-14,4.3,254025.19,1,0.25,0.048,True,3,2020-12-14,GBP,False,False
SME0260,Redwood Medical Ltd,Health & Care,86,Small,Private Limited Company,South East,2023-05-27,1.6,1726003.3,36,0.85,-0.171,True,2,2023-07-07,GBP,False,True
SME0261,Whitfield Stores,Retail,47,Micro,Sole Trader,South East,2021-04-21,3.7,167455.29,1,0.32,0.063,True,2,2021-05-26,GBP,False,False
SME0262,Kingsway Hospitality,Hospitality,56,Small,Sole Trader,West Midlands,2013-02-09,11.9,812985.72,11,0.7,-0.116,True,1,2013-02-15,GBP,True,True
SME0263,Sterling Kitchen Ltd,Hospitality,56,Small,Private Limited Company,South East,2022-05-27,2.6,413088.02,5,0.7,-0.085,True,1,2022-06-10,GBP,False,False
SME0264,Pinnacle Outlets Ltd,Retail,47,Micro,Private Limited Company,Yorkshire,2018-10-21,6.2,221579.13,1,0.32,0.142,True,1,2018-11-27,GBP,False,False
SME0265,Riverside Agri Ltd,Agriculture,01,Micro,Private Limited Company,North West,2018-08-09,6.4,286697.2,2,0.52,-0.066,True,3,2018-11-28,GBP,False,False
SME0266,Riverside Construction Ltd,Construction,41,Micro,Private Limited Company,London,2022-01-01,3.0,1193683.15,9,0.45,-0.093,True,2,2022-02-12,GBP,True,True
SME0267,Crown Retail Ltd,Retail,47,Micro,Private Limited Company,West Midlands,2021-04-21,3.7,180486.09,1,0.32,0.054,True,2,2021-05-03,GBP,True,True
SME0268,Ironbridge Works Ltd,Manufacturing,25,Micro,Private Limited Company,South East,2021-01-01,4.0,296774.76,2,0.52,0.005,True,3,2021-01-16,GBP,False,False
SME0269,Thornbury Partners Ltd,Professional Services,69,Small,Private Limited Company,North West,2021-02-07,3.9,2175692.36,28,0.92,0.023,True,2,2021-03-15,GBP,False,False
SME0270,Clearwater Agri Ltd,Agriculture,01,Micro,Private Limited Company,London,2023-05-27,1.6,598303.23,5,0.52,-0.064,True,2,2023-09-19,GBP,False,False
SME0271,Oakfield Groundworks Ltd,Construction,41,Micro,Private Limited Company,Scotland,2010-11-29,14.1,322094.44,3,0.45,0.04,True,2,2011-02-09,GBP,False,False
SME0272,Bramble Construction,Construction,41,Small,Sole Trader,Yorkshire,2016-05-28,8.6,1057526.79,8,0.45,-0.08,True,1,2016-08-19,GBP,False,True
SME0273,Ironbridge Fabrications LLP,Manufacturing,25,Small,Limited Liability Partnership,Wales,2020-10-20,4.2,434386.08,3,0.52,-0.058,True,3,2021-02-03,GBP,False,False
SME0274,Ironbridge Growers Ltd,Agriculture,01,Micro,Private Limited Company,Yorkshire,2019-04-22,5.7,108543.66,1,0.52,0.269,True,1,2019-08-14,GBP,False,False
SME0275,Redwood Haulage Ltd,Transport & Logistics,49,Small,Private Limited Company,Northern Ireland,2015-04-23,9.7,314570.61,3,0.56,0.152,True,2,2015-05-17,GBP,False,False
SME0276,Whitfield Health,Health & Care,86,Micro,Sole Trader,South West,2014-03-17,10.8,117935.9,2,0.85,0.097,True,1,2014-07-14,GBP,False,False
SME0277,Oakfield Fabrications Ltd,Manufacturing,25,Micro,Private Limited Company,Yorkshire,2011-04-24,13.7,165986.47,1,0.52,-0.108,True,1,2011-07-30,GBP,False,True
SME0278,Marlow Contractors Ltd,Construction,41,Micro,Private Limited Company,North West,2016-07-04,8.5,113694.18,1,0.45,0.084,True,2,2016-09-17,GBP,False,False
SME0279,Thornbury Retail Ltd,Retail,47,Micro,Private Limited Company,East Midlands,2022-07-03,2.5,126894.09,1,0.32,0.101,True,2,2022-10-30,GBP,False,False
SME0280,Thornbury Builders Ltd,Construction,41,Small,Private Limited Company,Yorkshire,2020-11-26,4.1,6947135.29,54,0.45,0.031,True,1,2021-03-07,GBP,False,False
SME0281,Oakfield Contractors Ltd,Construction,41,Small,Private Limited Company,London,2017-03-16,7.8,883985.79,7,0.45,0.19,True,2,2017-05-23,GBP,False,False
SME0282,Ashcroft Trading,Retail,47,Medium,Sole Trader,South West,2020-02-08,4.9,23387374.52,151,0.32,-0.155,True,1,2020-05-07,GBP,False,True
SME0283,Kestrel Agri,Agriculture,01,Small,Sole Trader,East of England,2022-07-03,2.5,1214038.98,10,0.52,-0.138,True,2,2022-09-21,GBP,False,True
SME0284,Clearwater Industries Ltd,Manufacturing,25,Micro,Private Limited Company,Scotland,2016-09-15,8.3,267484.9,2,0.52,-0.156,True,1,2016-10-12,GBP,False,False
SME0285,Ironbridge Logistics Ltd,Transport & Logistics,49,Small,Private Limited Company,East of England,2015-11-28,9.1,3978355.53,40,0.56,0.108,True,3,2016-01-16,GBP,False,False
SME0286,Oakfield Consulting Ltd,Professional Services,69,Micro,Private Limited Company,East of England,2014-05-29,10.6,338285.7,4,0.92,0.124,True,2,2014-06-08,GBP,False,False
SME0287,Redwood Retail,Retail,47,Small,Sole Trader,North West,2016-02-09,8.9,931684.73,6,0.32,-0.078,True,2,2016-03-11,GBP,False,True
SME0288,Halcyon Builders Ltd,Construction,41,Small,Private Limited Company,East Midlands,2020-05-28,4.6,917899.52,7,0.45,0.04,True,3,2020-09-20,GBP,True,True
SME0289,Halcyon Retail Ltd,Retail,47,Micro,Private Limited Company,South East,2019-02-08,5.9,331914.54,2,0.32,0.08,True,3,2019-04-14,GBP,False,False
SME0290,Thornbury Outlets Ltd,Retail,47,Small,Private Limited Company,London,2021-02-07,3.9,2289021.62,15,0.32,0.053,True,2,2021-02-26,GBP,False,False
SME0291,Redwood Retail Ltd,Retail,47,Small,Private Limited Company,East of England,2023-03-15,1.8,1136840.21,7,0.32,0.187,True,3,2023-03-27,GBP,False,False
SME0292,Oakfield Retail LLP,Retail,47,Micro,Limited Liability Partnership,North West,2018-03-16,6.8,220399.57,1,0.32,0.085,True,3,2018-06-15,GBP,False,False
SME0293,Bramble Distribution,Wholesale,46,Small,Sole Trader,Scotland,2014-03-17,10.8,2133340.65,8,0.25,-0.066,True,3,2014-06-16,GBP,False,True
SME0294,Harbour Outlets LLP,Retail,47,Micro,Limited Liability Partnership,North West,2023-07-03,1.5,436773.54,3,0.32,0.299,True,1,2023-07-21,GBP,True,False
SME0295,Harbour Partners Ltd,Professional Services,69,Small,Private Limited Company,Northern Ireland,2023-09-14,1.3,3555937.77,45,0.92,-0.088,True,3,2023-11-08,GBP,False,False
SME0296,Kingsway Partners,Professional Services,69,Medium,Sole Trader,South West,2013-09-16,11.3,12270556.12,157,0.92,0.074,True,2,2013-10-30,GBP,False,False
SME0297,Oakfield Consulting Ltd,Professional Services,69,Small,Private Limited Company,South East,2020-04-21,4.7,6432828.07,82,0.92,-0.109,True,2,2020-07-12,GBP,False,False
SME0298,Summit Partners LLP,Professional Services,69,Micro,Limited Liability Partnership,West Midlands,2016-02-09,8.9,496145.76,6,0.92,-0.109,True,2,2016-05-03,GBP,False,False
SME0299,Kestrel Trading Ltd,Retail,47,Small,Private Limited Company,West Midlands,2018-10-21,6.2,2749404.61,18,0.32,0.051,True,2,2019-01-28,GBP,False,False
SME0300,Bramble Stores Ltd,Retail,47,Micro,Private Limited Company,South East,2016-03-16,8.8,491585.26,3,0.32,0.103,True,1,2016-05-01,GBP,False,False
SME0301,Harbour Partners Ltd,Professional Services,69,Small,Private Limited Company,North West,2002-02-12,22.9,105991.14,1,0.92,-0.053,True,3,2002-04-08,GBP,False,False
SME0302,Harbour Consulting Ltd,Professional Services,69,Micro,Private Limited Company,East Midlands,2020-01-02,5.0,133658.81,2,0.92,-0.136,True,1,2020-02-08,GBP,False,True
SME0303,Harbour Catering Ltd,Hospitality,56,Micro,Private Limited Company,West Midlands,2017-01-02,8.0,117050.28,2,0.7,-0.165,True,2,2017-01-06,GBP,False,False
SME0304,Oakfield Builders Ltd,Construction,41,Micro,Private Limited Company,Yorkshire,2017-05-28,7.6,291709.83,2,0.45,-0.156,True,2,2017-09-21,GBP,False,True
SME0305,Beacon Builders Ltd,Construction,41,Micro,Private Limited Company,Northern Ireland,2021-07-03,3.5,421045.02,3,0.45,-0.17,True,1,2021-10-10,GBP,False,True
SME0306,Riverside Stores & Co,Retail,47,Small,Partnership,Scotland,2019-01-02,6.0,2712092.86,17,0.32,0.214,True,2,2019-03-14,GBP,False,False
SME0307,Whitfield Digital,IT & Software,62,Small,Sole Trader,London,2022-09-14,2.3,1509276.37,15,0.88,-0.04,True,2,2022-12-30,GBP,False,False
SME0308,Bramble Haulage Ltd,Transport & Logistics,49,Micro,Private Limited Company,East of England,2012-07-05,12.5,942909.7,10,0.56,-0.0,True,1,2012-10-08,GBP,False,False
SME0309,Ironbridge Taverns Ltd,Hospitality,56,Micro,Private Limited Company,West Midlands,2009-04-24,15.7,586345.93,8,0.7,0.11,True,1,2009-07-09,GBP,False,False
SME0310,Riverside Stores Ltd,Retail,47,Medium,Private Limited Company,London,2021-04-21,3.7,14596065.77,94,0.32,0.027,True,1,2021-05-11,GBP,False,False
SME0311,Oakfield Taverns,Hospitality,56,Micro,Sole Trader,London,1992-10-27,32.2,461691.77,6,0.7,0.127,True,2,1993-01-01,GBP,False,False
SME0312,Vantage Manufacturing Ltd,Manufacturing,25,Micro,Private Limited Company,South East,2016-11-27,8.1,661142.87,5,0.52,0.002,True,2,2017-01-26,GBP,False,False
SME0313,Crown Stores Ltd,Retail,47,Micro,Private Limited Company,South East,2020-09-14,4.3,185789.11,1,0.32,-0.039,True,3,2020-11-06,GBP,True,True
SME0314,Meridian Kitchen,Hospitality,56,Medium,Sole Trader,North West,2022-11-26,2.1,4879969.76,64,0.7,0.088,True,3,2023-01-01,GBP,False,False
SME0315,Halcyon Works Ltd,Manufacturing,25,Micro,Private Limited Company,Yorkshire,2016-08-09,8.4,76769.06,1,0.52,-0.06,False,2,2016-09-22,GBP,False,False
SME0316,Clearwater Wholesale,Wholesale,46,Micro,Sole Trader,East Midlands,2019-02-08,5.9,376177.24,1,0.25,-0.045,True,3,2019-06-05,GBP,False,True
SME0317,Beacon Fabrications Ltd,Manufacturing,25,Micro,Private Limited Company,London,2018-03-16,6.8,108984.79,1,0.52,0.043,True,2,2018-06-07,GBP,True,True
SME0318,Ashcroft Associates Ltd,Professional Services,69,Micro,Private Limited Company,East of England,2022-04-21,2.7,113855.6,1,0.92,-0.162,True,1,2022-08-14,GBP,False,True
SME0319,Vantage Manufacturing,Manufacturing,25,Micro,Sole Trader,South East,2008-04-24,16.7,137664.69,1,0.52,0.054,True,3,2008-08-08,GBP,False,False
SME0320,Bramble Outlets Ltd,Retail,47,Micro,Private Limited Company,East Midlands,2020-01-02,5.0,171937.63,1,0.32,0.139,True,1,2020-03-25,GBP,False,False
SME0321,Crown Technologies LLP,IT & Software,62,Small,Limited Liability Partnership,Scotland,2019-02-08,5.9,6773278.92,68,0.88,-0.033,True,3,2019-04-08,GBP,False,False
SME0322,Vantage Trading & Co,Retail,47,Small,Partnership,London,2018-08-09,6.4,906169.17,6,0.32,0.256,True,3,2018-11-05,GBP,False,False
SME0323,Ironbridge Construction Ltd,Construction,41,Micro,Private Limited Company,Wales,2018-09-15,6.3,215220.72,2,0.45,-0.242,True,3,2018-12-29,GBP,False,True
SME0324,Fairlead Freight Ltd,Transport & Logistics,49,Small,Private Limited Company,South East,2018-04-22,6.7,830843.28,8,0.56,-0.086,True,3,2018-08-08,GBP,False,False
SME0325,Kingsway Produce Ltd,Agriculture,01,Small,Private Limited Company,South East,2018-11-27,6.1,1186330.2,10,0.52,0.157,True,2,2018-12-17,GBP,False,False
SME0326,Oakfield Stores,Retail,47,Small,Sole Trader,North West,2022-09-14,2.3,1299312.79,8,0.32,-0.044,True,1,2022-09-28,GBP,True,True
SME0327,Kingsway Builders Ltd,Construction,41,Medium,Private Limited Company,London,2022-05-27,2.6,19395421.46,151,0.45,-0.126,True,2,2022-06-05,GBP,False,True
SME0328,Marlow Groundworks LLP,Construction,41,Micro,Limited Liability Partnership,East Midlands,2019-05-29,5.6,191273.14,1,0.45,0.26,True,2,2019-09-02,GBP,True,False
SME0329,Sterling Taverns Ltd,Hospitality,56,Micro,Private Limited Company,Yorkshire,2023-08-09,1.4,88641.3,1,0.7,0.046,False,1,2023-09-09,GBP,False,False
SME0330,Harbour Produce Ltd,Agriculture,01,Small,Private Limited Company,London,2016-04-22,8.7,1865698.83,16,0.52,0.303,True,2,2016-04-22,GBP,False,False
SME0331,Thornbury Industries Ltd,Manufacturing,25,Small,Private Limited Company,North East,2019-11-27,5.1,1684907.53,13,0.52,-0.197,True,1,2020-03-11,GBP,False,True
SME0332,Vantage Health Ltd,Health & Care,86,Micro,Private Limited Company,North West,2021-08-08,3.4,279793.81,6,0.85,-0.051,True,2,2021-09-19,GBP,False,False
SME0333,Vantage Kitchen,Hospitality,56,Medium,Sole Trader,London,2015-11-28,9.1,31636525.0,417,0.7,-0.033,True,1,2016-03-17,GBP,False,False
SME0334,Summit Kitchen Ltd,Hospitality,56,Small,Private Limited Company,London,2022-11-26,2.1,1404701.17,19,0.7,0.029,True,3,2023-01-28,GBP,False,False
SME0335,Sterling Wholesale,Wholesale,46,Micro,Sole Trader,East Midlands,2008-03-18,16.8,128806.92,1,0.25,-0.11,True,2,2008-04-08,GBP,True,True
SME0336,Bramble Kitchen Ltd,Hospitality,56,Small,Private Limited Company,North West,2019-11-27,5.1,3879661.66,51,0.7,0.058,True,2,2020-03-04,GBP,False,False
SME0337,Meridian Wholesale Ltd,Wholesale,46,Micro,Private Limited Company,London,2018-11-27,6.1,710444.28,3,0.25,0.235,True,2,2018-11-27,GBP,False,False
SME0338,Clearwater Stores Ltd,Retail,47,Small,Private Limited Company,North West,2000-02-13,24.9,1660878.71,11,0.32,0.13,True,3,2000-05-12,GBP,False,False
SME0339,Kestrel Taverns & Co,Hospitality,56,Small,Partnership,Yorkshire,2019-03-16,5.8,961278.58,13,0.7,-0.078,True,2,2019-06-30,GBP,False,True
SME0340,Oakfield Groundworks Ltd,Construction,41,Micro,Private Limited Company,East of England,2018-05-28,6.6,137737.12,1,0.45,0.086,True,3,2018-07-26,GBP,False,False
SME0341,Vantage Consulting Ltd,Professional Services,69,Micro,Private Limited Company,Scotland,2014-03-17,10.8,479546.86,6,0.92,0.208,True,3,2014-05-30,GBP,False,False
SME0342,Northgate Trading Ltd,Retail,47,Small,Private Limited Company,East Midlands,2008-09-17,16.3,1448712.9,9,0.32,-0.104,True,1,2008-11-03,GBP,False,False
SME0343,Clearwater Advisory Ltd,Professional Services,69,Small,Private Limited Company,Scotland,2012-08-10,12.4,2343753.13,30,0.92,-0.022,True,1,2012-09-22,GBP,False,False
SME0344,Whitfield Wholesale Ltd,Wholesale,46,Micro,Private Limited Company,North West,2014-09-16,10.3,159313.07,1,0.25,-0.061,True,2,2014-10-17,GBP,False,True
SME0345,Halcyon Associates Ltd,Professional Services,69,Small,Private Limited Company,South West,2015-05-29,9.6,1762567.04,23,0.92,0.01,True,1,2015-08-23,GBP,False,False
SME0346,Summit Contractors,Construction,41,Small,Sole Trader,North East,2017-02-08,7.9,4448561.28,35,0.45,0.014,True,2,2017-06-02,GBP,False,False
SME0347,Crown Advisory Ltd,Professional Services,69,Medium,Private Limited Company,North West,2020-11-26,4.1,8419208.71,108,0.92,-0.053,True,2,2020-12-10,GBP,False,False
SME0348,Meridian Advisory LLP,Professional Services,69,Micro,Limited Liability Partnership,East Midlands,2001-09-19,23.3,920887.56,12,0.92,0.016,True,2,2001-10-17,GBP,False,False
SME0349,Vantage Stores Ltd,Retail,47,Micro,Private Limited Company,South East,2016-03-16,8.8,795812.09,5,0.32,-0.164,True,3,2016-04-24,GBP,False,True
SME0350,Ironbridge Consulting,Professional Services,69,Micro,Sole Trader,West Midlands,2008-05-30,16.6,116199.58,1,0.92,0.256,True,2,2008-08-24,GBP,False,False
SME0351,Fairlead Transport Ltd,Transport & Logistics,49,Micro,Private Limited Company,East Midlands,2010-02-10,14.9,202574.53,2,0.56,-0.052,True,3,2010-02-11,GBP,False,False
SME0352,Redwood Supplies & Co,Wholesale,46,Small,Partnership,South West,2010-05-30,14.6,514223.01,2,0.25,0.237,True,3,2010-08-10,GBP,False,False
SME0353,Riverside Freight & Co,Transport & Logistics,49,Micro,Partnership,South East,2014-05-29,10.6,671319.13,7,0.56,-0.012,True,2,2014-06-30,GBP,True,True
SME0354,Whitfield Supplies,Wholesale,46,Small,Sole Trader,Scotland,2009-10-23,15.2,570421.67,2,0.25,0.026,True,3,2009-11-08,GBP,False,False
SME0355,Northgate Retail Ltd,Retail,47,Small,Private Limited Company,London,2020-03-15,4.8,6561155.38,42,0.32,-0.189,True,3,2020-06-21,GBP,True,True
SME0356,Oakfield Catering Ltd,Hospitality,56,Small,Private Limited Company,London,2020-10-20,4.2,1534851.7,20,0.7,0.049,True,3,2021-02-01,GBP,True,True
SME0357,Whitfield Digital,IT & Software,62,Micro,Sole Trader,London,2017-05-28,7.6,212044.37,2,0.88,0.224,True,3,2017-07-12,GBP,False,False
SME0358,Beacon Retail Ltd,Retail,47,Micro,Private Limited Company,South East,2020-05-28,4.6,79338.77,1,0.32,-0.111,False,2,2020-06-18,GBP,False,False
SME0359,Bramble Haulage Ltd,Transport & Logistics,49,Medium,Private Limited Company,South West,2019-05-29,5.6,8660574.72,87,0.56,0.136,True,1,2019-09-08,GBP,True,False
SME0360,Harbour Construction,Construction,41,Small,Sole Trader,Wales,2014-02-09,10.9,509019.16,4,0.45,-0.089,True,1,2014-04-04,GBP,False,True
SME0361,Ashcroft Distribution Ltd,Wholesale,46,Small,Private Limited Company,South East,2004-10-24,20.2,2520642.73,9,0.25,-0.088,True,2,2004-12-03,GBP,False,True
SME0362,Pinnacle Industries Ltd,Manufacturing,25,Small,Private Limited Company,London,2010-09-17,14.3,1718029.41,13,0.52,-0.072,True,1,2011-01-01,GBP,False,False
SME0363,Redwood Taverns Ltd,Hospitality,56,Medium,Private Limited Company,East of England,2014-01-03,11.0,37557328.03,495,0.7,0.001,True,2,2014-01-19,GBP,False,False
SME0364,Oakfield Digital Ltd,IT & Software,62,Small,Private Limited Company,North West,2022-07-03,2.5,4469870.22,45,0.88,0.232,True,1,2022-08-17,GBP,False,False
SME0365,Marlow Partners LLP,Professional Services,69,Small,Limited Liability Partnership,East of England,2020-10-20,4.2,579980.37,7,0.92,-0.009,True,1,2020-12-02,GBP,False,False
SME0366,Bramble Groundworks Ltd,Construction,41,Micro,Private Limited Company,South East,2021-01-01,4.0,70236.84,1,0.45,-0.025,False,3,2021-02-06,GBP,False,False
SME0367,Harbour Growers Ltd,Agriculture,01,Small,Private Limited Company,West Midlands,2019-08-09,5.4,2195443.47,18,0.52,0.041,True,2,2019-08-17,GBP,False,False
SME0368,Marlow Consulting,Professional Services,69,Micro,Sole Trader,London,2013-09-16,11.3,257745.38,3,0.92,0.277,True,1,2013-12-17,GBP,False,False
SME0369,Cobalt Hospitality,Hospitality,56,Small,Sole Trader,East of England,2019-03-16,5.8,277773.85,4,0.7,0.061,True,1,2019-05-28,GBP,False,False
SME0370,Halcyon Care Ltd,Health & Care,86,Micro,Private Limited Company,West Midlands,2014-09-16,10.3,130084.72,3,0.85,-0.116,True,3,2015-01-01,GBP,True,True
SME0371,Meridian Wholesale Ltd,Wholesale,46,Micro,Private Limited Company,London,2017-05-28,7.6,287351.44,1,0.25,0.109,True,1,2017-09-04,GBP,False,False
SME0372,Thornbury Builders LLP,Construction,41,Small,Limited Liability Partnership,East of England,2021-08-08,3.4,1095433.09,9,0.45,-0.045,True,2,2021-08-22,GBP,False,False
SME0373,Pinnacle Contractors Ltd,Construction,41,Micro,Private Limited Company,London,2020-07-03,4.5,178984.42,1,0.45,0.109,True,2,2020-07-28,GBP,False,False
SME0374,Kestrel Stores Ltd,Retail,47,Medium,Private Limited Company,South East,2015-02-09,9.9,10153505.98,65,0.32,0.053,True,2,2015-02-18,GBP,False,False
SME0375,Ironbridge Outlets,Retail,47,Micro,Sole Trader,East of England,2018-01-02,7.0,253588.06,2,0.32,-0.057,True,2,2018-04-23,GBP,True,True
SME0376,Kingsway Stores Ltd,Retail,47,Medium,Private Limited Company,South West,2018-08-09,6.4,14686028.19,95,0.32,-0.084,True,1,2018-10-05,GBP,False,False
SME0377,Thornbury Technologies Ltd,IT & Software,62,Small,Private Limited Company,South West,2019-03-16,5.8,2454579.52,25,0.88,0.004,True,3,2019-05-25,GBP,False,False
SME0378,Kestrel Digital Ltd,IT & Software,62,Micro,Private Limited Company,London,2017-01-02,8.0,103267.02,1,0.88,-0.127,True,1,2017-05-01,GBP,False,False
SME0379,Ashcroft Builders LLP,Construction,41,Micro,Limited Liability Partnership,Scotland,2012-11-28,12.1,510727.57,4,0.45,0.108,True,2,2013-01-25,GBP,False,False
SME0380,Northgate Wholesale Ltd,Wholesale,46,Small,Private Limited Company,Yorkshire,2012-09-16,12.3,836333.32,3,0.25,-0.033,True,2,2013-01-06,GBP,False,False
SME0381,Oakfield Advisory Ltd,Professional Services,69,Micro,Private Limited Company,Scotland,2018-08-09,6.4,217626.68,3,0.92,-0.054,True,2,2018-08-11,GBP,False,False
SME0382,Redwood Catering,Hospitality,56,Micro,Sole Trader,London,2022-08-08,2.4,207287.03,3,0.7,-0.101,True,3,2022-11-05,GBP,True,True
SME0383,Kingsway Associates,Professional Services,69,Small,Sole Trader,South West,2011-05-30,13.6,1313714.62,17,0.92,-0.113,True,2,2011-08-30,GBP,False,True
SME0384,Meridian Advisory Ltd,Professional Services,69,Small,Private Limited Company,South East,2018-04-22,6.7,666059.81,9,0.92,-0.158,True,3,2018-05-26,GBP,False,False
SME0385,Marlow Kitchen,Hospitality,56,Micro,Sole Trader,Scotland,2022-03-16,2.8,121512.76,2,0.7,-0.159,True,2,2022-07-02,GBP,False,True
SME0386,Sterling Digital Ltd,IT & Software,62,Micro,Private Limited Company,South West,2016-03-16,8.8,212094.16,2,0.88,-0.077,True,3,2016-04-23,GBP,False,False
SME0387,Kestrel Traders Ltd,Wholesale,46,Micro,Private Limited Company,Northern Ireland,2019-10-21,5.2,77630.67,1,0.25,-0.011,False,2,2020-02-05,GBP,False,False
SME0388,Fairlead Wholesale,Wholesale,46,Small,Sole Trader,South West,2013-03-17,11.8,273037.73,1,0.25,-0.074,True,1,2013-05-01,GBP,False,True
SME0389,Kestrel Freight Ltd,Transport & Logistics,49,Small,Private Limited Company,London,2010-07-06,14.5,1927533.12,19,0.56,-0.06,True,3,2010-09-28,GBP,False,False
SME0390,Marlow Retail Ltd,Retail,47,Small,Private Limited Company,Northern Ireland,2022-02-07,2.9,2425813.57,16,0.32,-0.302,True,3,2022-04-11,GBP,False,True
SME0391,Halcyon Haulage & Co,Transport & Logistics,49,Medium,Partnership,Northern Ireland,2010-03-18,14.8,4603086.0,46,0.56,0.061,True,2,2010-05-01,GBP,False,False
SME0392,Halcyon Retail Ltd,Retail,47,Small,Private Limited Company,West Midlands,2019-05-29,5.6,3119589.14,20,0.32,0.006,True,3,2019-05-29,GBP,False,False
SME0393,Meridian Partners,Professional Services,69,Small,Sole Trader,East of England,2009-10-23,15.2,465119.34,6,0.92,0.093,True,2,2010-01-03,GBP,False,False
SME0394,Northgate Contractors Ltd,Construction,41,Small,Private Limited Company,London,2018-04-22,6.7,2520543.44,20,0.45,0.135,True,3,2018-08-03,GBP,False,False
SME0395,Sterling Systems Ltd,IT & Software,62,Micro,Private Limited Company,South West,2020-11-26,4.1,339788.79,3,0.88,0.028,True,3,2021-01-10,GBP,False,False
SME0396,Cobalt Traders Ltd,Wholesale,46,Micro,Private Limited Company,Scotland,2012-10-22,12.2,102123.7,1,0.25,-0.029,True,3,2012-12-15,GBP,False,False
SME0397,Ashcroft Stores,Retail,47,Micro,Sole Trader,North West,2019-01-02,6.0,842007.28,5,0.32,-0.027,True,3,2019-01-28,GBP,False,False
SME0398,Fairlead Consulting Ltd,Professional Services,69,Small,Private Limited Company,West Midlands,2019-08-09,5.4,401870.89,5,0.92,0.174,True,1,2019-09-29,GBP,False,False
SME0399,Riverside Distribution,Wholesale,46,Micro,Sole Trader,East Midlands,2019-07-04,5.5,589792.43,2,0.25,-0.39,True,3,2019-09-13,GBP,True,True
SME0400,Ironbridge Consulting Ltd,Professional Services,69,Micro,Private Limited Company,North West,2004-09-18,20.3,420959.85,5,0.92,0.203,True,3,2004-09-28,GBP,False,False
SME0401,Northgate Stores Ltd,Retail,47,Micro,Private Limited Company,London,2023-02-07,1.9,119675.45,1,0.32,0.1,True,2,2023-03-18,GBP,True,True
SME0402,Harbour Freight Ltd,Transport & Logistics,49,Micro,Private Limited Company,South West,2008-03-18,16.8,154093.06,2,0.56,-0.049,True,2,2008-05-04,GBP,False,False
SME0403,Bramble Growers Ltd,Agriculture,01,Micro,Private Limited Company,Scotland,2009-04-24,15.7,164728.99,1,0.52,0.239,True,3,2009-07-30,GBP,False,False
SME0404,Whitfield Wholesale Ltd,Wholesale,46,Micro,Private Limited Company,London,2024-02-07,0.9,291982.85,1,0.25,0.15,True,1,2024-05-04,GBP,False,False
SME0405,Fairlead Taverns,Hospitality,56,Medium,Sole Trader,East Midlands,2022-01-01,3.0,11000820.94,145,0.7,0.097,True,1,2022-01-18,GBP,False,False
SME0406,Bramble Trading,Retail,47,Micro,Sole Trader,London,2019-08-09,5.4,256533.42,2,0.32,-0.003,True,3,2019-10-30,GBP,False,False
SME0407,Fairlead Works Ltd,Manufacturing,25,Small,Private Limited Company,Wales,2021-10-20,3.2,4530661.51,35,0.52,0.166,True,2,2021-12-26,GBP,False,False
SME0408,Marlow Advisory,Professional Services,69,Medium,Sole Trader,Yorkshire,2018-10-21,6.2,27069153.28,346,0.92,0.052,True,3,2018-12-29,GBP,False,False
SME0409,Summit Wholesale Ltd,Wholesale,46,Medium,Private Limited Company,East Midlands,2017-09-15,7.3,24553941.59,89,0.25,0.032,True,3,2017-12-24,GBP,False,False
SME0410,Thornbury Partners Ltd,Professional Services,69,Small,Private Limited Company,North West,2013-07-05,11.5,1237421.23,16,0.92,-0.116,True,3,2013-07-16,GBP,False,False
SME0411,Whitfield Retail Ltd,Retail,47,Medium,Private Limited Company,West Midlands,2015-03-17,9.8,5592938.37,36,0.32,0.149,True,2,2015-04-11,GBP,False,False
SME0412,Kingsway Stores Ltd,Retail,47,Micro,Private Limited Company,South East,2020-10-20,4.2,972063.16,6,0.32,0.182,True,2,2021-01-16,GBP,False,False
SME0413,Bramble Works Ltd,Manufacturing,25,Micro,Private Limited Company,Wales,2019-01-02,6.0,1156373.99,9,0.52,-0.086,True,2,2019-03-12,GBP,False,False
SME0414,Kestrel Fabrications,Manufacturing,25,Micro,Sole Trader,Scotland,2015-02-09,9.9,327719.47,3,0.52,0.104,True,3,2015-02-28,GBP,False,False
SME0415,Vantage Hospitality Ltd,Hospitality,56,Small,Private Limited Company,West Midlands,2015-08-10,9.4,1921967.23,25,0.7,-0.277,True,3,2015-09-20,GBP,False,True
SME0416,Vantage Supplies Ltd,Wholesale,46,Medium,Private Limited Company,South West,2021-02-07,3.9,34441348.88,125,0.25,0.098,True,3,2021-05-07,GBP,False,False
SME0417,Vantage Builders,Construction,41,Micro,Sole Trader,North West,2005-09-18,19.3,143392.03,1,0.45,0.09,True,3,2005-11-10,GBP,False,False
SME0418,Summit Hospitality & Co,Hospitality,56,Small,Partnership,East of England,2016-02-09,8.9,3625847.26,48,0.7,0.248,True,2,2016-05-13,GBP,False,False
SME0419,Fairlead Trading Ltd,Retail,47,Small,Private Limited Company,Wales,2014-09-16,10.3,1736968.48,11,0.32,0.012,True,3,2014-11-17,GBP,False,False
SME0420,Kingsway Logistics Ltd,Transport & Logistics,49,Micro,Private Limited Company,London,2016-04-22,8.7,246598.5,2,0.56,0.046,True,2,2016-06-25,GBP,False,False
SME0421,Meridian Transport & Co,Transport & Logistics,49,Small,Partnership,Wales,2009-03-18,15.8,4312864.97,43,0.56,-0.163,True,3,2009-05-01,GBP,False,True
SME0422,Riverside Trading Ltd,Retail,47,Micro,Private Limited Company,Scotland,1980-12-06,44.1,523129.27,3,0.32,0.044,True,2,1981-03-28,GBP,False,False
SME0423,Fairlead Stores,Retail,47,Small,Sole Trader,South West,2019-04-22,5.7,783451.88,5,0.32,-0.042,True,2,2019-08-04,GBP,False,True
SME0424,Meridian Digital,IT & Software,62,Micro,Sole Trader,West Midlands,2021-04-21,3.7,400567.52,4,0.88,0.001,True,3,2021-05-26,GBP,True,True
SME0425,Harbour Systems,IT & Software,62,Micro,Sole Trader,London,2015-11-28,9.1,292902.11,3,0.88,0.005,True,2,2016-02-16,GBP,False,False
SME0426,Vantage Produce,Agriculture,01,Micro,Sole Trader,South West,2020-05-28,4.6,75302.07,1,0.52,-0.071,False,2,2020-06-20,GBP,False,True
SME0427,Beacon Retail & Co,Retail,47,Micro,Partnership,East Midlands,2015-09-16,9.3,93809.61,1,0.32,0.114,True,1,2015-11-20,GBP,False,False
SME0428,Kestrel Freight Ltd,Transport & Logistics,49,Small,Private Limited Company,Yorkshire,2021-11-26,3.1,1572879.09,16,0.56,0.03,True,3,2022-02-12,GBP,False,False
SME0429,Marlow Works Ltd,Manufacturing,25,Medium,Private Limited Company,West Midlands,2016-03-16,8.8,7401617.22,58,0.52,-0.064,True,2,2016-06-15,GBP,False,False
SME0430,Meridian Catering LLP,Hospitality,56,Micro,Limited Liability Partnership,London,2017-11-27,7.1,153905.56,2,0.7,-0.102,True,1,2018-01-26,GBP,False,False
SME0431,Northgate Manufacturing,Manufacturing,25,Small,Sole Trader,West Midlands,2018-10-21,6.2,1640225.07,13,0.52,0.217,True,3,2018-11-23,GBP,False,False
SME0432,Ironbridge Trading Ltd,Retail,47,Small,Private Limited Company,North West,2019-08-09,5.4,1110570.85,7,0.32,0.148,True,1,2019-08-09,GBP,False,False
SME0433,Meridian Trading,Retail,47,Micro,Sole Trader,London,2021-01-01,4.0,484136.02,3,0.32,0.074,True,1,2021-03-05,GBP,False,False
SME0434,Sterling Consulting Ltd,Professional Services,69,Micro,Private Limited Company,South West,2015-07-05,9.5,312161.28,4,0.92,-0.23,True,1,2015-09-14,GBP,False,True
SME0435,Marlow Trading Ltd,Retail,47,Micro,Private Limited Company,London,2010-03-18,14.8,65203.03,1,0.32,0.026,False,3,2010-05-30,GBP,False,False
SME0436,Harbour Supplies LLP,Wholesale,46,Micro,Limited Liability Partnership,South East,2007-10-24,17.2,40570.15,1,0.25,0.043,False,3,2007-11-16,GBP,True,True
SME0437,Ashcroft Catering Ltd,Hospitality,56,Small,Private Limited Company,East Midlands,2020-08-08,4.4,370480.39,5,0.7,0.299,True,2,2020-10-23,GBP,False,False
SME0438,Marlow Fabrications Ltd,Manufacturing,25,Micro,Private Limited Company,West Midlands,2016-08-09,8.4,126556.83,1,0.52,0.138,True,2,2016-11-21,GBP,True,False
SME0439,Ironbridge Consulting Ltd,Professional Services,69,Small,Private Limited Company,North West,2020-02-08,4.9,2463365.21,32,0.92,0.005,True,2,2020-03-28,GBP,False,False
SME0440,Oakfield Kitchen Ltd,Hospitality,56,Micro,Private Limited Company,London,2014-08-10,10.4,264722.92,3,0.7,-0.125,True,2,2014-09-28,GBP,False,False
SME0441,Redwood Trading Ltd,Retail,47,Micro,Private Limited Company,East of England,2017-05-28,7.6,170150.15,1,0.32,-0.049,True,2,2017-08-07,GBP,False,False
SME0442,Kingsway Health,Health & Care,86,Small,Sole Trader,Yorkshire,2023-04-21,1.7,1738508.98,36,0.85,0.316,True,3,2023-05-10,GBP,False,False
SME0443,Pinnacle Clinics Ltd,Health & Care,86,Micro,Private Limited Company,South West,2015-08-10,9.4,296080.34,6,0.85,-0.004,True,1,2015-08-25,GBP,False,False
SME0444,Pinnacle Outlets Ltd,Retail,47,Micro,Private Limited Company,London,2021-02-07,3.9,164773.21,1,0.32,-0.236,True,3,2021-05-22,GBP,True,True
SME0445,Thornbury Associates Ltd,Professional Services,69,Small,Private Limited Company,West Midlands,2017-08-09,7.4,2612727.71,33,0.92,0.044,True,3,2017-09-26,GBP,False,False
SME0446,Sterling Trading Ltd,Retail,47,Micro,Private Limited Company,London,2014-02-09,10.9,166700.66,1,0.32,-0.115,True,3,2014-02-22,GBP,False,True
SME0447,Meridian Fabrications,Manufacturing,25,Small,Sole Trader,South East,2016-10-22,8.2,650375.87,5,0.52,-0.112,True,1,2017-01-17,GBP,False,True
SME0448,Whitfield Kitchen Ltd,Hospitality,56,Small,Private Limited Company,East Midlands,2021-08-08,3.4,828105.77,11,0.7,0.002,True,3,2021-09-24,GBP,False,False
SME0449,Sterling Partners & Co,Professional Services,69,Medium,Partnership,South East,2020-09-14,4.3,47792176.63,611,0.92,-0.022,True,3,2020-12-28,GBP,False,False
SME0450,Ironbridge Retail Ltd,Retail,47,Small,Private Limited Company,London,2010-04-24,14.7,1706325.31,11,0.32,0.177,True,2,2010-06-02,GBP,False,False
SME0451,Cobalt Trading Ltd,Retail,47,Micro,Private Limited Company,West Midlands,2019-04-22,5.7,171358.43,1,0.32,0.034,True,3,2019-07-02,GBP,False,False
SME0452,Summit Stores Ltd,Retail,47,Small,Private Limited Company,South East,2015-03-17,9.8,1525393.72,10,0.32,-0.152,True,3,2015-04-03,GBP,False,True
SME0453,Kingsway Supplies Ltd,Wholesale,46,Small,Private Limited Company,South West,2020-11-26,4.1,537950.63,2,0.25,0.113,True,1,2021-01-06,GBP,False,False
SME0454,Marlow Contractors,Construction,41,Micro,Sole Trader,East of England,2019-09-15,5.3,146559.44,1,0.45,-0.037,True,1,2019-10-18,GBP,False,True
SME0455,Oakfield Construction Ltd,Construction,41,Small,Private Limited Company,London,2015-07-05,9.5,3109157.29,24,0.45,-0.063,True,2,2015-07-19,GBP,False,False
SME0456,Bramble Stores Ltd,Retail,47,Micro,Private Limited Company,South West,2021-07-03,3.5,78805.74,1,0.32,0.227,False,2,2021-10-28,GBP,False,False
SME0457,Marlow Freight LLP,Transport & Logistics,49,Micro,Limited Liability Partnership,South West,2021-04-21,3.7,476617.45,5,0.56,0.068,True,1,2021-06-23,GBP,False,False
SME0458,Kingsway Retail LLP,Retail,47,Micro,Limited Liability Partnership,South East,2024-04-20,0.7,236285.13,2,0.32,0.09,True,3,2024-07-16,GBP,False,False
SME0459,Bramble Retail,Retail,47,Micro,Sole Trader,London,2014-10-23,10.2,373515.55,2,0.32,-0.019,True,1,2015-01-16,GBP,False,False
SME0460,Kestrel Clinics Ltd,Health & Care,86,Small,Private Limited Company,London,2017-01-02,8.0,2646205.38,55,0.85,0.016,True,2,2017-04-17,GBP,False,False
SME0461,Fairlead Taverns Ltd,Hospitality,56,Micro,Private Limited Company,East of England,2016-07-04,8.5,67646.45,1,0.7,-0.115,False,2,2016-09-18,GBP,False,False
SME0462,Halcyon Works Ltd,Manufacturing,25,Micro,Private Limited Company,Yorkshire,2010-01-04,15.0,86239.15,1,0.52,-0.023,False,1,2010-02-24,GBP,True,True
SME0463,Ashcroft Stores Ltd,Retail,47,Micro,Private Limited Company,North East,2021-08-08,3.4,147692.37,1,0.32,0.02,True,3,2021-09-23,GBP,False,False
SME0464,Oakfield Taverns,Hospitality,56,Micro,Sole Trader,South West,2005-01-05,20.0,109631.14,1,0.7,-0.17,True,3,2005-05-04,GBP,False,True
SME0465,Marlow Catering Ltd,Hospitality,56,Small,Private Limited Company,Yorkshire,2016-04-22,8.7,635613.25,8,0.7,0.155,True,3,2016-05-29,GBP,False,False
SME0466,Meridian Construction Ltd,Construction,41,Micro,Private Limited Company,South West,2019-03-16,5.8,31483.91,1,0.45,0.253,False,1,2019-04-10,GBP,False,False
SME0467,Kingsway Trading Ltd,Retail,47,Micro,Private Limited Company,London,2019-09-15,5.3,79784.75,1,0.32,0.018,False,2,2019-09-19,GBP,False,False
SME0468,Sterling Distribution Ltd,Wholesale,46,Small,Private Limited Company,South East,2018-02-08,6.9,2119638.31,8,0.25,0.059,True,2,2018-04-05,GBP,False,False
SME0469,Kingsway Contractors,Construction,41,Micro,Sole Trader,Wales,2018-07-04,6.5,226354.16,2,0.45,0.044,True,1,2018-07-23,GBP,False,False
SME0470,Vantage Produce,Agriculture,01,Small,Sole Trader,South West,2020-11-26,4.1,912455.9,8,0.52,0.056,True,3,2020-12-09,GBP,False,False
SME0471,Beacon Advisory Ltd,Professional Services,69,Micro,Private Limited Company,East Midlands,2011-03-18,13.8,71176.79,1,0.92,-0.049,False,2,2011-07-04,GBP,False,False
SME0472,Redwood Traders,Wholesale,46,Micro,Sole Trader,Scotland,2021-05-27,3.6,933500.48,3,0.25,0.119,True,1,2021-06-17,GBP,False,False
SME0473,Summit Retail Ltd,Retail,47,Small,Private Limited Company,East of England,2020-10-20,4.2,645814.13,4,0.32,-0.066,True,3,2021-02-09,GBP,False,False
SME0474,Harbour Software Ltd,IT & Software,62,Medium,Private Limited Company,Yorkshire,2020-07-03,4.5,21578890.99,218,0.88,0.234,True,2,2020-10-24,GBP,False,False
SME0475,Harbour Consulting Ltd,Professional Services,69,Micro,Private Limited Company,London,2022-10-20,2.2,108777.54,1,0.92,0.088,True,1,2022-12-09,GBP,True,True
SME0476,Vantage Taverns Ltd,Hospitality,56,Small,Private Limited Company,East of England,2022-02-07,2.9,2428528.33,32,0.7,-0.024,True,3,2022-02-27,GBP,False,False
SME0477,Whitfield Industries,Manufacturing,25,Micro,Sole Trader,South East,2017-01-02,8.0,92913.05,1,0.52,0.058,True,1,2017-03-11,GBP,False,False
SME0478,Meridian Contractors LLP,Construction,41,Micro,Limited Liability Partnership,East of England,2018-01-02,7.0,188902.52,1,0.45,0.36,True,2,2018-01-17,GBP,True,False
SME0479,Halcyon Manufacturing Ltd,Manufacturing,25,Small,Private Limited Company,East of England,2023-09-14,1.3,973408.01,8,0.52,0.031,True,3,2023-10-13,GBP,False,False
SME0480,Kingsway Retail Ltd,Retail,47,Small,Private Limited Company,East Midlands,2019-02-08,5.9,1052813.9,7,0.32,0.151,True,1,2019-04-26,GBP,False,False
SME0481,Fairlead Trading & Co,Retail,47,Small,Partnership,Yorkshire,2022-05-27,2.6,787856.75,5,0.32,0.091,True,1,2022-06-26,GBP,False,False
SME0482,Clearwater Advisory LLP,Professional Services,69,Medium,Limited Liability Partnership,London,2019-07-04,5.5,8468331.67,108,0.92,0.483,True,1,2019-09-10,GBP,False,False
SME0483,Ironbridge Associates Ltd,Professional Services,69,Small,Private Limited Company,North West,2019-02-08,5.9,9161420.43,117,0.92,0.025,True,3,2019-03-27,GBP,False,False
SME0484,Oakfield Taverns,Hospitality,56,Small,Sole Trader,East Midlands,2015-02-09,9.9,665799.45,9,0.7,-0.066,True,3,2015-03-09,GBP,False,False
SME0485,Harbour Construction Ltd,Construction,41,Micro,Private Limited Company,Scotland,2019-05-29,5.6,216493.77,2,0.45,-0.028,True,2,2019-06-29,GBP,False,False
SME0486,Ironbridge Digital,IT & Software,62,Micro,Sole Trader,London,2008-10-23,16.2,1073001.4,11,0.88,0.08,True,2,2008-12-14,GBP,False,False
SME0487,Thornbury Trading Ltd,Retail,47,Micro,Private Limited Company,Yorkshire,2021-03-15,3.8,178799.29,1,0.32,0.008,True,3,2021-04-13,GBP,False,False
SME0488,Halcyon Outlets Ltd,Retail,47,Small,Private Limited Company,Yorkshire,2021-03-15,3.8,14655453.21,94,0.32,-0.194,True,3,2021-03-16,GBP,False,True
SME0489,Bramble Freight Ltd,Transport & Logistics,49,Small,Private Limited Company,East of England,2014-07-05,10.5,586901.73,6,0.56,0.068,True,3,2014-07-26,GBP,False,False
SME0490,Sterling Works Ltd,Manufacturing,25,Micro,Private Limited Company,East of England,2021-09-14,3.3,207016.73,2,0.52,-0.045,True,3,2021-10-01,GBP,False,False
SME0491,Cobalt Catering Ltd,Hospitality,56,Small,Private Limited Company,West Midlands,2015-07-05,9.5,3371865.31,44,0.7,-0.086,True,3,2015-09-02,GBP,False,False
SME0492,Bramble Outlets,Retail,47,Small,Sole Trader,North East,2021-07-03,3.5,2541220.5,16,0.32,-0.025,True,3,2021-09-04,GBP,False,False
SME0493,Meridian Transport Ltd,Transport & Logistics,49,Micro,Private Limited Company,London,2011-08-11,13.4,537227.26,5,0.56,-0.029,True,3,2011-08-27,GBP,False,False
SME0494,Northgate Distribution Ltd,Wholesale,46,Micro,Private Limited Company,South West,2021-03-15,3.8,492288.68,2,0.25,-0.152,True,1,2021-05-14,GBP,False,True
SME0495,Halcyon Software Ltd,IT & Software,62,Small,Private Limited Company,East of England,2023-05-27,1.6,1614443.26,16,0.88,-0.005,True,1,2023-08-07,GBP,True,True
SME0496,Whitfield Produce Ltd,Agriculture,01,Micro,Private Limited Company,East Midlands,2020-08-08,4.4,168297.54,1,0.52,0.119,True,2,2020-11-05,GBP,True,False
SME0497,Pinnacle Kitchen Ltd,Hospitality,56,Micro,Private Limited Company,East of England,2019-08-09,5.4,45953.45,1,0.7,0.014,False,3,2019-10-11,GBP,False,False
SME0498,Summit Associates Ltd,Professional Services,69,Small,Private Limited Company,London,2020-05-28,4.6,1034334.86,13,0.92,-0.066,True,3,2020-06-03,GBP,False,False
SME0499,Redwood Stores Ltd,Retail,47,Micro,Private Limited Company,South East,2019-10-21,5.2,47779.14,1,0.32,0.164,False,1,2020-01-16,GBP,False,False
SME0500,Fairlead Catering,Hospitality,56,Micro,Sole Trader,London,2021-04-21,3.7,127429.79,2,0.7,0.026,True,3,2021-07-14,GBP,True,True
